2021-09-07T07:30:29.065Z, 1630999829065, device0, null
2021-09-07T07:30:47.011Z, 1630999847011, device0
2021-09-07T07:30:48.012Z, 1630999848012, device0
2021-09-07T07:30:49.012Z, 1630999849012, device0
2021-09-07T07:30:50.013Z, 1630999850013, device0
2021-09-07T07:30:51.014Z, 1630999851014, device0
2021-09-07T07:30:52.015Z, 1630999852015, device0
2021-09-07T07:30:53.017Z, 1630999853017, device0
2021-09-07T07:30:54.017Z, 1630999854017, device0
2021-09-07T07:30:55.019Z, 1630999855019, device0
2021-09-07T07:30:56.019Z, 1630999856019, device0
2021-09-07T07:30:57.021Z, 1630999857021, device0
2021-09-07T07:30:58.021Z, 1630999858021, device0
2021-09-07T07:30:59.022Z, 1630999859022, device0
2021-09-07T07:31:00.023Z, 1630999860023, device0
2021-09-07T07:31:01.024Z, 1630999861024, device0
2021-09-07T07:31:02.025Z, 1630999862025, device0
2021-09-07T07:31:03.026Z, 1630999863026, device0
2021-09-07T07:31:04.027Z, 1630999864027, device0
2021-09-07T07:31:05.029Z, 1630999865029, device0
2021-09-07T07:31:06.029Z, 1630999866029, device0
2021-09-07T07:31:07.030Z, 1630999867030, device0
2021-09-07T07:31:08.032Z, 1630999868032, device0
2021-09-07T07:31:09.033Z, 1630999869033, device0
2021-09-07T07:31:10.035Z, 1630999870035, device0
2021-09-07T07:31:11.035Z, 1630999871035, device0
2021-09-07T07:31:12.037Z, 1630999872037, device0
2021-09-07T07:31:13.037Z, 1630999873037, device0
2021-09-07T07:31:14.038Z, 1630999874038, device0
2021-09-07T07:31:15.040Z, 1630999875040, device0
2021-09-07T07:31:16.040Z, 1630999876040, device0
2021-09-07T07:31:17.041Z, 1630999877041, device0
2021-09-07T07:31:18.042Z, 1630999878042, device0
2021-09-07T07:31:19.044Z, 1630999879044, device0
2021-09-07T07:31:20.045Z, 1630999880045, device0
2021-09-07T07:31:21.046Z, 1630999881046, device0
2021-09-07T07:31:22.047Z, 1630999882047, device0
2021-09-07T07:31:23.048Z, 1630999883048, device0
2021-09-07T07:31:24.049Z, 1630999884049, device0
2021-09-07T07:31:25.050Z, 1630999885050, device0
2021-09-07T07:31:26.052Z, 1630999886052, device0
2021-09-07T07:31:27.052Z, 1630999887052, device0
2021-09-07T07:31:28.053Z, 1630999888053, device0
2021-09-07T07:31:29.054Z, 1630999889054, device0
2021-09-07T07:31:30.056Z, 1630999890056, device0
2021-09-07T07:31:31.056Z, 1630999891056, device0
2021-09-07T07:31:32.058Z, 1630999892058, device0
2021-09-07T07:31:33.058Z, 1630999893058, device0
2021-09-07T07:31:34.060Z, 1630999894060, device0
2021-09-07T07:31:35.060Z, 1630999895060, device0
2021-09-07T07:31:36.062Z, 1630999896062, device0
2021-09-07T07:31:37.063Z, 1630999897063, device0
2021-09-07T07:31:38.065Z, 1630999898065, device0
2021-09-07T07:31:39.065Z, 1630999899065, device0
2021-09-07T07:31:40.067Z, 1630999900067, device0
2021-09-07T07:31:41.067Z, 1630999901067, device0
2021-09-07T07:31:42.069Z, 1630999902069, device0
2021-09-07T07:31:43.069Z, 1630999903069, device0
2021-09-07T07:31:44.071Z, 1630999904071, device0
2021-09-07T07:31:45.071Z, 1630999905071, device0
2021-09-07T07:31:46.073Z, 1630999906073, device0
2021-09-07T07:31:47.073Z, 1630999907073, device0
2021-09-07T07:31:48.075Z, 1630999908075, device0
2021-09-07T07:31:49.075Z, 1630999909075, device0
2021-09-07T07:31:50.077Z, 1630999910077, device0
2021-09-07T07:31:51.077Z, 1630999911077, device0
2021-09-07T07:31:52.078Z, 1630999912078, device0
2021-09-07T07:31:53.079Z, 1630999913079, device0
2021-09-07T07:31:54.080Z, 1630999914080, device0
2021-09-07T07:31:55.081Z, 1630999915081, device0
2021-09-07T07:31:56.082Z, 1630999916082, device0
2021-09-07T07:31:57.083Z, 1630999917083, device0
2021-09-07T07:31:58.084Z, 1630999918084, device0
2021-09-07T07:31:59.085Z, 1630999919085, device0
2021-09-07T07:32:00.087Z, 1630999920087, device0
2021-09-07T07:32:01.087Z, 1630999921087, device0
2021-09-07T07:32:02.089Z, 1630999922089, device0
2021-09-07T07:32:03.089Z, 1630999923089, device0
2021-09-07T07:32:04.090Z, 1630999924090, device0
2021-09-07T07:32:05.092Z, 1630999925092, device0
2021-09-07T07:32:06.093Z, 1630999926093, device0
2021-09-07T07:32:07.094Z, 1630999927094, device0
2021-09-07T07:32:08.096Z, 1630999928096, device0
2021-09-07T07:32:09.096Z, 1630999929096, device0
2021-09-07T07:32:10.097Z, 1630999930097, device0
2021-09-07T07:32:11.098Z, 1630999931098, device0
2021-09-07T07:32:12.100Z, 1630999932100, device0
2021-09-07T07:32:13.101Z, 1630999933101, device0
2021-09-07T07:32:14.102Z, 1630999934102, device0
2021-09-07T07:32:15.104Z, 1630999935104, device0
2021-09-07T07:32:16.104Z, 1630999936104, device0
2021-09-07T07:32:17.106Z, 1630999937106, device0
2021-09-07T07:32:18.106Z, 1630999938106, device0
2021-09-07T07:32:19.108Z, 1630999939108, device0
2021-09-07T07:32:20.108Z, 1630999940108, device0
2021-09-07T07:32:21.110Z, 1630999941110, device0
2021-09-07T07:32:22.110Z, 1630999942110, device0
2021-09-07T07:32:23.112Z, 1630999943112, device0
2021-09-07T07:32:24.112Z, 1630999944112, device0
2021-09-07T07:32:25.113Z, 1630999945113, device0
2021-09-07T07:32:26.114Z, 1630999946114, device0
2021-09-07T07:32:27.116Z, 1630999947116, device0
2021-09-07T07:32:28.117Z, 1630999948117, device0
2021-09-07T07:32:29.118Z, 1630999949118, device0
2021-09-07T07:32:30.119Z, 1630999950119, device0
2021-09-07T07:32:31.120Z, 1630999951120, device0
2021-09-07T07:32:32.121Z, 1630999952121, device0
2021-09-07T07:32:33.122Z, 1630999953122, device0
2021-09-07T07:32:34.124Z, 1630999954124, device0
2021-09-07T07:32:35.125Z, 1630999955125, device0
2021-09-07T07:32:36.127Z, 1630999956127, device0
2021-09-07T07:32:37.127Z, 1630999957127, device0
2021-09-07T07:32:38.129Z, 1630999958129, device0
2021-09-07T07:32:39.129Z, 1630999959129, device0
2021-09-07T07:32:40.131Z, 1630999960131, device0
2021-09-07T07:32:41.131Z, 1630999961131, device0
2021-09-07T07:32:42.132Z, 1630999962132, device0
2021-09-07T07:32:43.134Z, 1630999963134, device0
2021-09-07T07:32:44.135Z, 1630999964135, device0
2021-09-07T07:32:45.137Z, 1630999965137, device0
2021-09-07T07:32:46.138Z, 1630999966138, device0
2021-09-07T07:32:47.140Z, 1630999967140, device0
2021-09-07T07:32:48.140Z, 1630999968140, device0
2021-09-07T07:32:49.141Z, 1630999969141, device0
2021-09-07T07:32:50.142Z, 1630999970142, device0
2021-09-07T07:32:51.144Z, 1630999971144, device0
2021-09-07T07:32:52.144Z, 1630999972144, device0
2021-09-07T07:32:53.146Z, 1630999973146, device0
2021-09-07T07:32:54.146Z, 1630999974146, device0
2021-09-07T07:32:55.148Z, 1630999975148, device0
2021-09-07T07:32:56.148Z, 1630999976148, device0
2021-09-07T07:32:57.149Z, 1630999977149, device0
2021-09-07T07:32:58.151Z, 1630999978151, device0
2021-09-07T07:32:59.152Z, 1630999979152, device0
2021-09-07T07:33:00.153Z, 1630999980153, device0
2021-09-07T07:33:01.154Z, 1630999981154, device0
2021-09-07T07:33:02.155Z, 1630999982155, device0
2021-09-07T07:33:03.156Z, 1630999983156, device0
2021-09-07T07:33:04.157Z, 1630999984157, device0
2021-09-07T07:33:05.158Z, 1630999985158, device0
2021-09-07T07:33:06.159Z, 1630999986159, device0
2021-09-07T07:33:07.160Z, 1630999987160, device0
2021-09-07T07:33:08.162Z, 1630999988162, device0
2021-09-07T07:33:09.162Z, 1630999989162, device0
2021-09-07T07:33:10.164Z, 1630999990164, device0
2021-09-07T07:33:11.164Z, 1630999991164, device0
2021-09-07T07:33:12.165Z, 1630999992165, device0
2021-09-07T07:33:13.166Z, 1630999993166, device0
2021-09-07T07:33:14.168Z, 1630999994168, device0
2021-09-07T07:33:15.169Z, 1630999995169, device0
2021-09-07T07:33:16.171Z, 1630999996171, device0
2021-09-07T07:33:17.171Z, 1630999997171, device0
2021-09-07T07:33:18.173Z, 1630999998173, device0
2021-09-07T07:33:19.173Z, 1630999999173, device0
2021-09-07T07:33:20.174Z, 1631000000174, device0
2021-09-07T07:33:21.175Z, 1631000001175, device0
2021-09-07T07:33:22.176Z, 1631000002176, device0
2021-09-07T07:33:23.177Z, 1631000003177, device0
2021-09-07T07:33:24.178Z, 1631000004178, device0
2021-09-07T07:33:25.179Z, 1631000005179, device0
2021-09-07T07:33:26.180Z, 1631000006180, device0
2021-09-07T07:33:27.182Z, 1631000007182, device0
2021-09-07T07:33:28.183Z, 1631000008183, device0
2021-09-07T07:33:29.185Z, 1631000009185, device0
2021-09-07T07:33:30.186Z, 1631000010186, device0
2021-09-07T07:33:31.188Z, 1631000011188, device0
2021-09-07T07:33:32.188Z, 1631000012188, device0
2021-09-07T07:33:33.190Z, 1631000013190, device0
2021-09-07T07:33:34.191Z, 1631000014191, device0
2021-09-07T07:33:35.192Z, 1631000015192, device0
2021-09-07T07:33:36.193Z, 1631000016193, device0
2021-09-07T07:33:37.194Z, 1631000017194, device0
2021-09-07T07:33:38.196Z, 1631000018196, device0
2021-09-07T07:33:39.196Z, 1631000019196, device0
2021-09-07T07:33:40.197Z, 1631000020197, device0
2021-09-07T07:33:41.198Z, 1631000021198, device0
2021-09-07T07:33:42.200Z, 1631000022200, device0
2021-09-07T07:33:43.201Z, 1631000023201, device0
2021-09-07T07:33:44.202Z, 1631000024202, device0
2021-09-07T07:33:45.203Z, 1631000025203, device0
2021-09-07T07:33:46.205Z, 1631000026205, device0
2021-09-07T07:33:47.205Z, 1631000027205, device0
2021-09-07T07:33:48.206Z, 1631000028206, device0
2021-09-07T07:33:49.208Z, 1631000029208, device0
2021-09-07T07:33:50.209Z, 1631000030209, device0
2021-09-07T07:33:51.210Z, 1631000031210, device0
2021-09-07T07:33:52.211Z, 1631000032211, device0
2021-09-07T07:33:53.211Z, 1631000033211, device0
2021-09-07T07:33:54.212Z, 1631000034212, device0
2021-09-07T07:33:55.213Z, 1631000035213, device0
2021-09-07T07:33:56.215Z, 1631000036215, device0
2021-09-07T07:33:57.216Z, 1631000037216, device0
2021-09-07T07:33:58.217Z, 1631000038217, device0
2021-09-07T07:33:59.218Z, 1631000039218, device0
2021-09-07T07:34:00.220Z, 1631000040220, device0
2021-09-07T07:34:01.221Z, 1631000041221, device0
2021-09-07T07:34:02.222Z, 1631000042222, device0
2021-09-07T07:34:03.224Z, 1631000043224, device0
2021-09-07T07:34:04.224Z, 1631000044224, device0
2021-09-07T07:34:05.225Z, 1631000045225, device0
2021-09-07T07:34:06.226Z, 1631000046226, device0
2021-09-07T07:34:07.228Z, 1631000047228, device0
2021-09-07T07:34:08.229Z, 1631000048229, device0
2021-09-07T07:34:09.231Z, 1631000049231, device0
2021-09-07T07:34:10.231Z, 1631000050231, device0
2021-09-07T07:34:11.233Z, 1631000051233, device0
2021-09-07T07:34:12.233Z, 1631000052233, device0
2021-09-07T07:34:13.235Z, 1631000053235, device0
2021-09-07T07:34:14.235Z, 1631000054235, device0
2021-09-07T07:34:15.237Z, 1631000055237, device0
2021-09-07T07:34:16.237Z, 1631000056237, device0
2021-09-07T07:34:17.239Z, 1631000057239, device0
2021-09-07T07:34:18.239Z, 1631000058239, device0
2021-09-07T07:34:19.241Z, 1631000059241, device0
2021-09-07T07:34:20.241Z, 1631000060241, device0
2021-09-07T07:34:21.243Z, 1631000061243, device0
2021-09-07T07:34:22.243Z, 1631000062243, device0
2021-09-07T07:34:23.245Z, 1631000063245, device0
2021-09-07T07:34:24.245Z, 1631000064245, device0
2021-09-07T07:34:25.246Z, 1631000065246, device0
2021-09-07T07:34:26.248Z, 1631000066248, device0
2021-09-07T07:34:27.248Z, 1631000067248, device0
2021-09-07T07:34:28.249Z, 1631000068249, device0
2021-09-07T07:34:29.250Z, 1631000069250, device0
2021-09-07T07:34:30.252Z, 1631000070252, device0
2021-09-07T07:34:31.253Z, 1631000071253, device0
2021-09-07T07:34:32.254Z, 1631000072254, device0
2021-09-07T07:34:33.255Z, 1631000073255, device0
2021-09-07T07:34:34.256Z, 1631000074256, device0
2021-09-07T07:34:35.257Z, 1631000075257, device0
2021-09-07T07:34:36.258Z, 1631000076258, device0
2021-09-07T07:34:37.260Z, 1631000077260, device0
2021-09-07T07:34:38.260Z, 1631000078260, device0
2021-09-07T07:34:39.261Z, 1631000079261, device0
2021-09-07T07:34:40.262Z, 1631000080262, device0
2021-09-07T07:34:41.264Z, 1631000081264, device0
2021-09-07T07:34:42.264Z, 1631000082264, device0
2021-09-07T07:34:43.266Z, 1631000083266, device0
2021-09-07T07:34:44.266Z, 1631000084266, device0
2021-09-07T07:34:45.268Z, 1631000085268, device0
2021-09-07T07:34:46.268Z, 1631000086268, device0
2021-09-07T07:34:47.270Z, 1631000087270, device0
2021-09-07T07:34:48.270Z, 1631000088270, device0
2021-09-07T07:34:49.272Z, 1631000089272, device0
2021-09-07T07:34:50.272Z, 1631000090272, device0
2021-09-07T07:34:51.273Z, 1631000091273, device0
2021-09-07T07:34:52.273Z, 1631000092273, device0
2021-09-07T07:34:53.275Z, 1631000093275, device0
2021-09-07T07:34:54.275Z, 1631000094275, device0
2021-09-07T07:34:55.276Z, 1631000095276, device0
2021-09-07T07:34:56.277Z, 1631000096277, device0
2021-09-07T07:34:57.278Z, 1631000097278, device0
2021-09-07T07:34:58.279Z, 1631000098279, device0
2021-09-07T07:34:59.280Z, 1631000099280, device0
2021-09-07T07:35:00.281Z, 1631000100281, device0
2021-09-07T07:35:01.282Z, 1631000101282, device0
2021-09-07T07:35:02.284Z, 1631000102284, device0
2021-09-07T07:35:03.284Z, 1631000103284, device0
2021-09-07T07:35:04.285Z, 1631000104285, device0
2021-09-07T07:35:05.286Z, 1631000105286, device0
2021-09-07T07:35:06.287Z, 1631000106287, device0
2021-09-07T07:35:07.288Z, 1631000107288, device0
2021-09-07T07:35:08.290Z, 1631000108290, device0
2021-09-07T07:35:09.291Z, 1631000109291, device0
2021-09-07T07:35:10.292Z, 1631000110292, device0
2021-09-07T07:35:11.293Z, 1631000111293, device0
2021-09-07T07:35:12.294Z, 1631000112294, device0
2021-09-07T07:35:13.295Z, 1631000113295, device0
2021-09-07T07:35:14.297Z, 1631000114297, device0
2021-09-07T07:35:15.298Z, 1631000115298, device0
2021-09-07T07:35:16.300Z, 1631000116300, device0
2021-09-07T07:35:17.301Z, 1631000117301, device0
2021-09-07T07:35:18.302Z, 1631000118302, device0
2021-09-07T07:35:19.303Z, 1631000119303, device0
2021-09-07T07:35:20.304Z, 1631000120304, device0
2021-09-07T07:35:21.305Z, 1631000121305, device0
2021-09-07T07:35:22.306Z, 1631000122306, device0
2021-09-07T07:35:23.308Z, 1631000123308, device0
2021-09-07T07:35:24.309Z, 1631000124309, device0
2021-09-07T07:35:25.310Z, 1631000125310, device0
2021-09-07T07:35:26.311Z, 1631000126311, device0
2021-09-07T07:35:27.312Z, 1631000127312, device0
2021-09-07T07:35:28.314Z, 1631000128314, device0
2021-09-07T07:35:29.315Z, 1631000129315, device0
2021-09-07T07:35:30.316Z, 1631000130316, device0
2021-09-07T07:35:31.317Z, 1631000131317, device0
2021-09-07T07:35:32.318Z, 1631000132318, device0
2021-09-07T07:35:33.320Z, 1631000133320, device0
2021-09-07T07:35:34.321Z, 1631000134321, device0
2021-09-07T07:35:35.322Z, 1631000135322, device0
2021-09-07T07:35:36.324Z, 1631000136324, device0
2021-09-07T07:35:37.325Z, 1631000137325, device0
2021-09-07T07:35:38.326Z, 1631000138326, device0
2021-09-07T07:35:39.328Z, 1631000139328, device0
2021-09-07T07:35:40.329Z, 1631000140329, device0
2021-09-07T07:35:41.330Z, 1631000141330, device0
2021-09-07T07:35:42.331Z, 1631000142331, device0
2021-09-07T07:35:43.332Z, 1631000143332, device0
2021-09-07T07:35:44.334Z, 1631000144334, device0
2021-09-07T07:35:45.335Z, 1631000145335, device0
2021-09-07T07:35:46.337Z, 1631000146337, device0
2021-09-07T07:35:47.338Z, 1631000147338, device0
2021-09-07T07:35:48.340Z, 1631000148340, device0
2021-09-07T07:35:49.341Z, 1631000149341, device0
2021-09-07T07:35:50.342Z, 1631000150342, device0
2021-09-07T07:35:51.344Z, 1631000151344, device0
2021-09-07T07:35:52.345Z, 1631000152345, device0
2021-09-07T07:35:53.347Z, 1631000153347, device0
2021-09-07T07:35:54.348Z, 1631000154348, device0
2021-09-07T07:35:55.350Z, 1631000155350, device0
2021-09-07T07:35:56.350Z, 1631000156350, device0
2021-09-07T07:35:57.352Z, 1631000157352, device0
2021-09-07T07:35:58.352Z, 1631000158352, device0
2021-09-07T07:35:59.353Z, 1631000159353, device0
2021-09-07T07:36:00.354Z, 1631000160354, device0
2021-09-07T07:36:01.356Z, 1631000161356, device0
2021-09-07T07:36:02.357Z, 1631000162357, device0
2021-09-07T07:36:03.358Z, 1631000163358, device0
2021-09-07T07:36:04.360Z, 1631000164360, device0
2021-09-07T07:36:05.361Z, 1631000165361, device0
2021-09-07T07:36:06.362Z, 1631000166362, device0
2021-09-07T07:36:07.364Z, 1631000167364, device0
2021-09-07T07:36:08.364Z, 1631000168364, device0
2021-09-07T07:36:09.365Z, 1631000169365, device0
2021-09-07T07:36:10.366Z, 1631000170366, device0
2021-09-07T07:36:11.367Z, 1631000171367, device0
2021-09-07T07:36:12.368Z, 1631000172368, device0
2021-09-07T07:36:13.369Z, 1631000173369, device0
2021-09-07T07:36:14.371Z, 1631000174371, device0
2021-09-07T07:36:15.371Z, 1631000175371, device0
2021-09-07T07:36:16.373Z, 1631000176373, device0
2021-09-07T07:36:17.373Z, 1631000177373, device0
2021-09-07T07:36:18.374Z, 1631000178374, device0
2021-09-07T07:36:19.376Z, 1631000179376, device0
2021-09-07T07:36:20.377Z, 1631000180377, device0
2021-09-07T07:36:21.379Z, 1631000181379, device0
2021-09-07T07:36:22.380Z, 1631000182380, device0
2021-09-07T07:36:23.382Z, 1631000183382, device0
2021-09-07T07:36:24.383Z, 1631000184383, device0
2021-09-07T07:36:25.383Z, 1631000185383, device0
2021-09-07T07:36:26.384Z, 1631000186384, device0
2021-09-07T07:36:27.386Z, 1631000187386, device0
2021-09-07T07:36:28.386Z, 1631000188386, device0
2021-09-07T07:36:29.387Z, 1631000189387, device0
2021-09-07T07:36:30.388Z, 1631000190388, device0
2021-09-07T07:36:31.389Z, 1631000191389, device0
2021-09-07T07:36:32.390Z, 1631000192390, device0
2021-09-07T07:36:33.392Z, 1631000193392, device0
2021-09-07T07:36:34.393Z, 1631000194393, device0
2021-09-07T07:36:35.394Z, 1631000195394, device0
2021-09-07T07:36:36.395Z, 1631000196395, device0
2021-09-07T07:36:37.396Z, 1631000197396, device0
2021-09-07T07:36:38.398Z, 1631000198398, device0
2021-09-07T07:36:39.399Z, 1631000199399, device0
2021-09-07T07:36:40.401Z, 1631000200401, device0
2021-09-07T07:36:41.401Z, 1631000201401, device0
2021-09-07T07:36:42.403Z, 1631000202403, device0
2021-09-07T07:36:43.403Z, 1631000203403, device0
2021-09-07T07:36:44.405Z, 1631000204405, device0
2021-09-07T07:36:45.405Z, 1631000205405, device0
2021-09-07T07:36:46.406Z, 1631000206406, device0
2021-09-07T07:36:47.407Z, 1631000207407, device0
2021-09-07T07:36:48.408Z, 1631000208408, device0
2021-09-07T07:36:49.409Z, 1631000209409, device0
2021-09-07T07:36:50.410Z, 1631000210410, device0
2021-09-07T07:36:51.411Z, 1631000211411, device0
2021-09-07T07:36:52.413Z, 1631000212413, device0
2021-09-07T07:36:53.413Z, 1631000213413, device0
2021-09-07T07:36:54.415Z, 1631000214415, device0
2021-09-07T07:36:55.415Z, 1631000215415, device0
2021-09-07T07:36:56.417Z, 1631000216417, device0
2021-09-07T07:36:57.417Z, 1631000217417, device0
2021-09-07T07:36:58.418Z, 1631000218418, device0
2021-09-07T07:36:59.420Z, 1631000219420, device0
2021-09-07T07:37:00.420Z, 1631000220420, device0
2021-09-07T07:37:01.421Z, 1631000221421, device0
2021-09-07T07:37:02.422Z, 1631000222422, device0
2021-09-07T07:37:03.424Z, 1631000223424, device0
2021-09-07T07:37:04.424Z, 1631000224424, device0
2021-09-07T07:37:05.426Z, 1631000225426, device0
2021-09-07T07:37:06.426Z, 1631000226426, device0
2021-09-07T07:37:07.427Z, 1631000227427, device0
2021-09-07T07:37:08.427Z, 1631000228427, device0
2021-09-07T07:37:09.428Z, 1631000229428, device0
2021-09-07T07:37:10.429Z, 1631000230429, device0
2021-09-07T07:37:11.430Z, 1631000231430, device0
2021-09-07T07:37:12.431Z, 1631000232431, device0
2021-09-07T07:37:13.432Z, 1631000233432, device0
2021-09-07T07:37:14.433Z, 1631000234433, device0
2021-09-07T07:37:15.434Z, 1631000235434, device0
2021-09-07T07:37:16.436Z, 1631000236436, device0
2021-09-07T07:37:17.436Z, 1631000237436, device0
2021-09-07T07:37:18.438Z, 1631000238438, device0
2021-09-07T07:37:19.438Z, 1631000239438, device0
2021-09-07T07:37:20.440Z, 1631000240440, device0
2021-09-07T07:37:21.440Z, 1631000241440, device0
2021-09-07T07:37:22.441Z, 1631000242441, device0
2021-09-07T07:37:23.442Z, 1631000243442, device0
2021-09-07T07:37:24.443Z, 1631000244443, device0
2021-09-07T07:37:25.444Z, 1631000245444, device0
2021-09-07T07:37:26.445Z, 1631000246445, device0
2021-09-07T07:37:27.446Z, 1631000247446, device0
2021-09-07T07:37:28.448Z, 1631000248448, device0
2021-09-07T07:37:29.448Z, 1631000249448, device0
2021-09-07T07:37:30.450Z, 1631000250450, device0
2021-09-07T07:37:31.450Z, 1631000251450, device0
2021-09-07T07:37:32.452Z, 1631000252452, device0
2021-09-07T07:37:33.452Z, 1631000253452, device0
2021-09-07T07:37:34.453Z, 1631000254453, device0
2021-09-07T07:37:35.454Z, 1631000255454, device0
2021-09-07T07:37:36.455Z, 1631000256455, device0
2021-09-07T07:37:37.456Z, 1631000257456, device0
2021-09-07T07:37:38.456Z, 1631000258456, device0
2021-09-07T07:37:39.457Z, 1631000259457, device0
2021-09-07T07:37:40.458Z, 1631000260458, device0
2021-09-07T07:37:41.460Z, 1631000261460, device0
2021-09-07T07:37:42.460Z, 1631000262460, device0
2021-09-07T07:37:43.461Z, 1631000263461, device0
2021-09-07T07:37:44.463Z, 1631000264463, device0
2021-09-07T07:37:45.463Z, 1631000265463, device0
2021-09-07T07:37:46.465Z, 1631000266465, device0
2021-09-07T07:37:47.466Z, 1631000267466, device0
2021-09-07T07:37:48.468Z, 1631000268468, device0
2021-09-07T07:37:49.468Z, 1631000269468, device0
2021-09-07T07:37:50.469Z, 1631000270469, device0
2021-09-07T07:37:51.470Z, 1631000271470, device0
2021-09-07T07:37:52.472Z, 1631000272472, device0
2021-09-07T07:37:53.472Z, 1631000273472, device0
2021-09-07T07:37:54.474Z, 1631000274474, device0
2021-09-07T07:37:55.474Z, 1631000275474, device0
2021-09-07T07:37:56.476Z, 1631000276476, device0
2021-09-07T07:37:57.476Z, 1631000277476, device0
2021-09-07T07:37:58.477Z, 1631000278477, device0
2021-09-07T07:37:59.478Z, 1631000279478, device0
2021-09-07T07:38:00.479Z, 1631000280479, device0
2021-09-07T07:38:01.480Z, 1631000281480, device0
2021-09-07T07:38:02.481Z, 1631000282481, device0
2021-09-07T07:38:03.482Z, 1631000283482, device0
2021-09-07T07:38:04.484Z, 1631000284484, device0
2021-09-07T07:38:05.485Z, 1631000285485, device0
2021-09-07T07:38:06.487Z, 1631000286487, device0
2021-09-07T07:38:07.487Z, 1631000287487, device0
2021-09-07T07:38:08.488Z, 1631000288488, device0
2021-09-07T07:38:09.490Z, 1631000289490, device0
2021-09-07T07:38:10.491Z, 1631000290491, device0
2021-09-07T07:38:11.493Z, 1631000291493, device0
2021-09-07T07:38:12.493Z, 1631000292493, device0
2021-09-07T07:38:13.494Z, 1631000293494, device0
2021-09-07T07:38:14.496Z, 1631000294496, device0
2021-09-07T07:38:15.496Z, 1631000295496, device0
2021-09-07T07:38:16.497Z, 1631000296497, device0
2021-09-07T07:38:17.497Z, 1631000297497, device0
2021-09-07T07:38:18.498Z, 1631000298498, device0
2021-09-07T07:38:19.500Z, 1631000299500, device0
2021-09-07T07:38:20.501Z, 1631000300501, device0
2021-09-07T07:38:21.503Z, 1631000301503, device0
2021-09-07T07:38:22.505Z, 1631000302505, device0
2021-09-07T07:38:23.505Z, 1631000303505, device0
2021-09-07T07:38:24.506Z, 1631000304506, device0
2021-09-07T07:38:25.508Z, 1631000305508, device0
2021-09-07T07:38:26.508Z, 1631000306508, device0
2021-09-07T07:38:27.510Z, 1631000307510, device0
2021-09-07T07:38:28.510Z, 1631000308510, device0
2021-09-07T07:38:29.511Z, 1631000309511, device0
2021-09-07T07:38:30.512Z, 1631000310512, device0
2021-09-07T07:38:31.513Z, 1631000311513, device0
2021-09-07T07:38:32.514Z, 1631000312514, device0
2021-09-07T07:38:33.516Z, 1631000313516, device0
2021-09-07T07:38:34.515Z, 1631000314515, device0
2021-09-07T07:38:35.517Z, 1631000315517, device0
2021-09-07T07:38:36.517Z, 1631000316517, device0
2021-09-07T07:38:37.519Z, 1631000317519, device0
2021-09-07T07:38:38.519Z, 1631000318519, device0
2021-09-07T07:38:39.521Z, 1631000319521, device0
2021-09-07T07:38:40.521Z, 1631000320521, device0
2021-09-07T07:38:41.522Z, 1631000321522, device0
2021-09-07T07:38:42.524Z, 1631000322524, device0
2021-09-07T07:38:43.524Z, 1631000323524, device0
2021-09-07T07:38:44.525Z, 1631000324525, device0
2021-09-07T07:38:45.526Z, 1631000325526, device0
2021-09-07T07:38:46.527Z, 1631000326527, device0
2021-09-07T07:38:47.529Z, 1631000327529, device0
2021-09-07T07:38:48.530Z, 1631000328530, device0
2021-09-07T07:38:49.532Z, 1631000329532, device0
2021-09-07T07:38:50.531Z, 1631000330531, device0
2021-09-07T07:38:51.533Z, 1631000331533, device0
2021-09-07T07:38:52.533Z, 1631000332533, device0
2021-09-07T07:38:53.534Z, 1631000333534, device0
2021-09-07T07:38:54.536Z, 1631000334536, device0
2021-09-07T07:38:55.536Z, 1631000335536, device0
2021-09-07T07:38:56.538Z, 1631000336538, device0
2021-09-07T07:38:57.538Z, 1631000337538, device0
2021-09-07T07:38:58.540Z, 1631000338540, device0
2021-09-07T07:38:59.540Z, 1631000339540, device0
2021-09-07T07:39:00.541Z, 1631000340541, device0
2021-09-07T07:39:01.542Z, 1631000341542, device0
2021-09-07T07:39:02.544Z, 1631000342544, device0
2021-09-07T07:39:03.544Z, 1631000343544, device0
2021-09-07T07:39:04.545Z, 1631000344545, device0
2021-09-07T07:39:05.546Z, 1631000345546, device0
2021-09-07T07:39:06.547Z, 1631000346547, device0
2021-09-07T07:39:07.549Z, 1631000347549, device0
2021-09-07T07:39:08.549Z, 1631000348549, device0
2021-09-07T07:39:09.550Z, 1631000349550, device0
2021-09-07T07:39:10.552Z, 1631000350552, device0
2021-09-07T07:39:11.553Z, 1631000351553, device0
2021-09-07T07:39:12.554Z, 1631000352554, device0
2021-09-07T07:39:13.556Z, 1631000353556, device0
2021-09-07T07:39:14.556Z, 1631000354556, device0
2021-09-07T07:39:15.557Z, 1631000355557, device0
2021-09-07T07:39:16.558Z, 1631000356558, device0
2021-09-07T07:39:17.560Z, 1631000357560, device0
2021-09-07T07:39:18.560Z, 1631000358560, device0
2021-09-07T07:39:19.561Z, 1631000359561, device0
2021-09-07T07:39:20.562Z, 1631000360562, device0
2021-09-07T07:39:21.564Z, 1631000361564, device0
2021-09-07T07:39:22.565Z, 1631000362565, device0
2021-09-07T07:39:23.566Z, 1631000363566, device0
2021-09-07T07:39:24.568Z, 1631000364568, device0
2021-09-07T07:39:25.568Z, 1631000365568, device0
2021-09-07T07:39:26.569Z, 1631000366569, device0
2021-09-07T07:39:27.570Z, 1631000367570, device0
2021-09-07T07:39:28.572Z, 1631000368572, device0
2021-09-07T07:39:29.572Z, 1631000369572, device0
2021-09-07T07:39:30.574Z, 1631000370574, device0
2021-09-07T07:39:31.574Z, 1631000371574, device0
2021-09-07T07:39:32.576Z, 1631000372576, device0
2021-09-07T07:39:33.576Z, 1631000373576, device0
2021-09-07T07:39:34.577Z, 1631000374577, device0
2021-09-07T07:39:35.578Z, 1631000375578, device0
2021-09-07T07:39:36.579Z, 1631000376579, device0
2021-09-07T07:39:37.581Z, 1631000377581, device0
2021-09-07T07:39:38.582Z, 1631000378582, device0
2021-09-07T07:39:39.584Z, 1631000379584, device0
2021-09-07T07:39:40.584Z, 1631000380584, device0
2021-09-07T07:39:41.585Z, 1631000381585, device0
2021-09-07T07:39:42.586Z, 1631000382586, device0
2021-09-07T07:39:43.588Z, 1631000383588, device0
2021-09-07T07:39:44.588Z, 1631000384588, device0
2021-09-07T07:39:45.589Z, 1631000385589, device0
2021-09-07T07:39:46.590Z, 1631000386590, device0
2021-09-07T07:39:47.592Z, 1631000387592, device0
2021-09-07T07:39:48.592Z, 1631000388592, device0
2021-09-07T07:39:49.592Z, 1631000389592, device0
2021-09-07T07:39:50.593Z, 1631000390593, device0
2021-09-07T07:39:51.594Z, 1631000391594, device0
2021-09-07T07:39:52.596Z, 1631000392596, device0
2021-09-07T07:39:53.596Z, 1631000393596, device0
2021-09-07T07:39:54.598Z, 1631000394598, device0
2021-09-07T07:39:55.598Z, 1631000395598, device0
2021-09-07T07:39:56.600Z, 1631000396600, device0
2021-09-07T07:39:57.601Z, 1631000397601, device0
2021-09-07T07:39:58.602Z, 1631000398602, device0
2021-09-07T07:39:59.604Z, 1631000399604, device0
2021-09-07T07:40:00.604Z, 1631000400604, device0
2021-09-07T07:40:01.605Z, 1631000401605, device0
2021-09-07T07:40:02.607Z, 1631000402607, device0
2021-09-07T07:40:03.607Z, 1631000403607, device0
2021-09-07T07:40:04.608Z, 1631000404608, device0
2021-09-07T07:40:05.609Z, 1631000405609, device0
2021-09-07T07:40:06.610Z, 1631000406610, device0
2021-09-07T07:40:07.612Z, 1631000407612, device0
2021-09-07T07:40:08.612Z, 1631000408612, device0
2021-09-07T07:40:09.613Z, 1631000409613, device0
2021-09-07T07:40:10.614Z, 1631000410614, device0
2021-09-07T07:40:11.615Z, 1631000411615, device0
2021-09-07T07:40:12.617Z, 1631000412617, device0
2021-09-07T07:40:13.617Z, 1631000413617, device0
2021-09-07T07:40:14.618Z, 1631000414618, device0
2021-09-07T07:40:15.620Z, 1631000415620, device0
2021-09-07T07:40:16.620Z, 1631000416620, device0
2021-09-07T07:40:17.620Z, 1631000417620, device0
2021-09-07T07:40:18.621Z, 1631000418621, device0
2021-09-07T07:40:19.622Z, 1631000419622, device0
2021-09-07T07:40:20.624Z, 1631000420624, device0
2021-09-07T07:40:21.625Z, 1631000421625, device0
2021-09-07T07:40:22.626Z, 1631000422626, device0
2021-09-07T07:40:23.627Z, 1631000423627, device0
2021-09-07T07:40:24.629Z, 1631000424629, device0
2021-09-07T07:40:25.629Z, 1631000425629, device0
2021-09-07T07:40:26.631Z, 1631000426631, device0
2021-09-07T07:40:27.631Z, 1631000427631, device0
2021-09-07T07:40:28.632Z, 1631000428632, device0
2021-09-07T07:40:29.633Z, 1631000429633, device0
2021-09-07T07:40:30.633Z, 1631000430633, device0
2021-09-07T07:40:31.634Z, 1631000431634, device0
2021-09-07T07:40:32.635Z, 1631000432635, device0
2021-09-07T07:40:33.636Z, 1631000433636, device0
2021-09-07T07:40:34.637Z, 1631000434637, device0
2021-09-07T07:40:35.638Z, 1631000435638, device0
2021-09-07T07:40:36.640Z, 1631000436640, device0
2021-09-07T07:40:37.640Z, 1631000437640, device0
2021-09-07T07:40:38.641Z, 1631000438641, device0
2021-09-07T07:40:39.642Z, 1631000439642, device0
2021-09-07T07:40:40.644Z, 1631000440644, device0
2021-09-07T07:40:41.645Z, 1631000441645, device0
2021-09-07T07:40:42.647Z, 1631000442647, device0
2021-09-07T07:40:43.648Z, 1631000443648, device0
2021-09-07T07:40:44.648Z, 1631000444648, device0
2021-09-07T07:40:45.649Z, 1631000445649, device0
2021-09-07T07:40:46.650Z, 1631000446650, device0
2021-09-07T07:40:47.652Z, 1631000447652, device0
2021-09-07T07:40:48.652Z, 1631000448652, device0
2021-09-07T07:40:49.653Z, 1631000449653, device0
2021-09-07T07:40:50.654Z, 1631000450654, device0
2021-09-07T07:40:51.656Z, 1631000451656, device0
2021-09-07T07:40:52.656Z, 1631000452656, device0
2021-09-07T07:40:53.657Z, 1631000453657, device0
2021-09-07T07:40:54.658Z, 1631000454658, device0
2021-09-07T07:40:55.660Z, 1631000455660, device0
2021-09-07T07:40:56.660Z, 1631000456660, device0
2021-09-07T07:40:57.662Z, 1631000457662, device0
2021-09-07T07:40:58.663Z, 1631000458663, device0
2021-09-07T07:40:59.665Z, 1631000459665, device0
2021-09-07T07:41:00.665Z, 1631000460665, device0
2021-09-07T07:41:01.666Z, 1631000461666, device0
2021-09-07T07:41:02.668Z, 1631000462668, device0
2021-09-07T07:41:03.668Z, 1631000463668, device0
2021-09-07T07:41:04.670Z, 1631000464670, device0
2021-09-07T07:41:05.670Z, 1631000465670, device0
2021-09-07T07:41:06.671Z, 1631000466671, device0
2021-09-07T07:41:07.672Z, 1631000467672, device0
2021-09-07T07:41:08.673Z, 1631000468673, device0
2021-09-07T07:41:09.675Z, 1631000469675, device0
2021-09-07T07:41:10.675Z, 1631000470675, device0
2021-09-07T07:41:11.677Z, 1631000471677, device0
2021-09-07T07:41:12.677Z, 1631000472677, device0
2021-09-07T07:41:13.678Z, 1631000473678, device0
2021-09-07T07:41:14.680Z, 1631000474680, device0
2021-09-07T07:41:15.680Z, 1631000475680, device0
2021-09-07T07:41:16.682Z, 1631000476682, device0
2021-09-07T07:41:17.682Z, 1631000477682, device0
2021-09-07T07:41:18.683Z, 1631000478683, device0
2021-09-07T07:41:19.684Z, 1631000479684, device0
2021-09-07T07:41:20.685Z, 1631000480685, device0
2021-09-07T07:41:21.686Z, 1631000481686, device0
2021-09-07T07:41:22.687Z, 1631000482687, device0
2021-09-07T07:41:23.688Z, 1631000483688, device0
2021-09-07T07:41:24.690Z, 1631000484690, device0
2021-09-07T07:41:25.691Z, 1631000485691, device0
2021-09-07T07:41:26.693Z, 1631000486693, device0
2021-09-07T07:41:27.693Z, 1631000487693, device0
2021-09-07T07:41:28.695Z, 1631000488695, device0
2021-09-07T07:41:29.695Z, 1631000489695, device0
2021-09-07T07:41:30.697Z, 1631000490697, device0
2021-09-07T07:41:31.697Z, 1631000491697, device0
2021-09-07T07:41:32.698Z, 1631000492698, device0
2021-09-07T07:41:33.700Z, 1631000493700, device0
2021-09-07T07:41:34.701Z, 1631000494701, device0
2021-09-07T07:41:35.703Z, 1631000495703, device0
2021-09-07T07:41:36.703Z, 1631000496703, device0
2021-09-07T07:41:37.705Z, 1631000497705, device0
2021-09-07T07:41:38.706Z, 1631000498706, device0
2021-09-07T07:41:39.706Z, 1631000499706, device0
2021-09-07T07:41:40.708Z, 1631000500708, device0
2021-09-07T07:41:41.708Z, 1631000501708, device0
2021-09-07T07:41:42.709Z, 1631000502709, device0
2021-09-07T07:41:43.710Z, 1631000503710, device0
2021-09-07T07:41:44.711Z, 1631000504711, device0
2021-09-07T07:41:45.712Z, 1631000505712, device0
2021-09-07T07:41:46.713Z, 1631000506713, device0
2021-09-07T07:41:47.715Z, 1631000507715, device0
2021-09-07T07:41:48.715Z, 1631000508715, device0
2021-09-07T07:41:49.717Z, 1631000509717, device0
2021-09-07T07:41:50.717Z, 1631000510717, device0
2021-09-07T07:41:51.718Z, 1631000511718, device0
2021-09-07T07:41:52.719Z, 1631000512719, device0
2021-09-07T07:41:53.721Z, 1631000513721, device0
2021-09-07T07:41:54.722Z, 1631000514722, device0
2021-09-07T07:41:55.724Z, 1631000515724, device0
2021-09-07T07:41:56.724Z, 1631000516724, device0
2021-09-07T07:41:57.726Z, 1631000517726, device0
2021-09-07T07:41:58.726Z, 1631000518726, device0
2021-09-07T07:41:59.727Z, 1631000519727, device0
2021-09-07T07:42:00.728Z, 1631000520728, device0
2021-09-07T07:42:01.729Z, 1631000521729, device0
2021-09-07T07:42:02.730Z, 1631000522730, device0
2021-09-07T07:42:03.732Z, 1631000523732, device0
2021-09-07T07:42:04.733Z, 1631000524733, device0
2021-09-07T07:42:05.734Z, 1631000525734, device0
2021-09-07T07:42:06.736Z, 1631000526736, device0
2021-09-07T07:42:07.736Z, 1631000527736, device0
2021-09-07T07:42:08.738Z, 1631000528738, device0
2021-09-07T07:42:09.738Z, 1631000529738, device0
2021-09-07T07:42:10.739Z, 1631000530739, device0
2021-09-07T07:42:11.740Z, 1631000531740, device0
2021-09-07T07:42:12.741Z, 1631000532741, device0
2021-09-07T07:42:13.742Z, 1631000533742, device0
2021-09-07T07:42:14.744Z, 1631000534744, device0
2021-09-07T07:42:15.744Z, 1631000535744, device0
2021-09-07T07:42:16.745Z, 1631000536745, device0
2021-09-07T07:42:17.747Z, 1631000537747, device0
2021-09-07T07:42:18.748Z, 1631000538748, device0
2021-09-07T07:42:19.749Z, 1631000539749, device0
2021-09-07T07:42:20.750Z, 1631000540750, device0
2021-09-07T07:42:21.752Z, 1631000541752, device0
2021-09-07T07:42:22.752Z, 1631000542752, device0
2021-09-07T07:42:23.753Z, 1631000543753, device0
2021-09-07T07:42:24.754Z, 1631000544754, device0
2021-09-07T07:42:25.755Z, 1631000545755, device0
2021-09-07T07:42:26.756Z, 1631000546756, device0
2021-09-07T07:42:27.757Z, 1631000547757, device0
2021-09-07T07:42:28.758Z, 1631000548758, device0
2021-09-07T07:42:29.759Z, 1631000549759, device0
2021-09-07T07:42:30.761Z, 1631000550761, device0
2021-09-07T07:42:31.761Z, 1631000551761, device0
2021-09-07T07:42:32.762Z, 1631000552762, device0
2021-09-07T07:42:33.764Z, 1631000553764, device0
2021-09-07T07:42:34.764Z, 1631000554764, device0
2021-09-07T07:42:35.765Z, 1631000555765, device0
2021-09-07T07:42:36.766Z, 1631000556766, device0
2021-09-07T07:42:37.766Z, 1631000557766, device0
2021-09-07T07:42:38.767Z, 1631000558767, device0
2021-09-07T07:42:39.768Z, 1631000559768, device0
2021-09-07T07:42:40.769Z, 1631000560769, device0
2021-09-07T07:42:41.770Z, 1631000561770, device0
2021-09-07T07:42:42.772Z, 1631000562772, device0
2021-09-07T07:42:43.773Z, 1631000563773, device0
2021-09-07T07:42:44.775Z, 1631000564775, device0
2021-09-07T07:42:45.775Z, 1631000565775, device0
2021-09-07T07:42:46.777Z, 1631000566777, device0
2021-09-07T07:42:47.777Z, 1631000567777, device0
2021-09-07T07:42:48.778Z, 1631000568778, device0
2021-09-07T07:42:49.779Z, 1631000569779, device0
2021-09-07T07:42:50.780Z, 1631000570780, device0
2021-09-07T07:42:51.782Z, 1631000571782, device0
2021-09-07T07:42:52.782Z, 1631000572782, device0
2021-09-07T07:42:53.784Z, 1631000573784, device0
2021-09-07T07:42:54.784Z, 1631000574784, device0
2021-09-07T07:42:55.785Z, 1631000575785, device0
2021-09-07T07:42:56.786Z, 1631000576786, device0
2021-09-07T07:42:57.788Z, 1631000577788, device0
2021-09-07T07:42:58.788Z, 1631000578788, device0
2021-09-07T07:42:59.790Z, 1631000579790, device0
2021-09-07T07:43:00.790Z, 1631000580790, device0
2021-09-07T07:43:01.792Z, 1631000581792, device0
2021-09-07T07:43:02.792Z, 1631000582792, device0
2021-09-07T07:43:03.793Z, 1631000583793, device0
2021-09-07T07:43:04.794Z, 1631000584794, device0
2021-09-07T07:43:05.796Z, 1631000585796, device0
2021-09-07T07:43:06.796Z, 1631000586796, device0
2021-09-07T07:43:07.797Z, 1631000587797, device0
2021-09-07T07:43:08.798Z, 1631000588798, device0
2021-09-07T07:43:09.800Z, 1631000589800, device0
2021-09-07T07:43:10.801Z, 1631000590801, device0
2021-09-07T07:43:11.802Z, 1631000591802, device0
2021-09-07T07:43:12.804Z, 1631000592804, device0
2021-09-07T07:43:13.804Z, 1631000593804, device0
2021-09-07T07:43:14.805Z, 1631000594805, device0
2021-09-07T07:43:15.806Z, 1631000595806, device0
2021-09-07T07:43:16.808Z, 1631000596808, device0
2021-09-07T07:43:17.808Z, 1631000597808, device0
2021-09-07T07:43:18.810Z, 1631000598810, device0
2021-09-07T07:43:19.811Z, 1631000599811, device0
2021-09-07T07:43:20.812Z, 1631000600812, device0
2021-09-07T07:43:21.813Z, 1631000601813, device0
2021-09-07T07:43:22.814Z, 1631000602814, device0
2021-09-07T07:43:23.816Z, 1631000603816, device0
2021-09-07T07:43:24.816Z, 1631000604816, device0
2021-09-07T07:43:25.817Z, 1631000605817, device0
2021-09-07T07:43:26.818Z, 1631000606818, device0
2021-09-07T07:43:27.820Z, 1631000607820, device0
2021-09-07T07:43:28.820Z, 1631000608820, device0
2021-09-07T07:43:29.821Z, 1631000609821, device0
2021-09-07T07:43:30.822Z, 1631000610822, device0
2021-09-07T07:43:31.824Z, 1631000611824, device0
2021-09-07T07:43:32.824Z, 1631000612824, device0
2021-09-07T07:43:33.825Z, 1631000613825, device0
2021-09-07T07:43:34.826Z, 1631000614826, device0
2021-09-07T07:43:35.828Z, 1631000615828, device0
2021-09-07T07:43:36.827Z, 1631000616827, device0
2021-09-07T07:43:37.829Z, 1631000617829, device0
2021-09-07T07:43:38.829Z, 1631000618829, device0
2021-09-07T07:43:39.830Z, 1631000619830, device0
2021-09-07T07:43:40.831Z, 1631000620831, device0
2021-09-07T07:43:41.832Z, 1631000621832, device0
2021-09-07T07:43:42.833Z, 1631000622833, device0
2021-09-07T07:43:43.834Z, 1631000623834, device0
2021-09-07T07:43:44.835Z, 1631000624835, device0
2021-09-07T07:43:45.836Z, 1631000625836, device0
2021-09-07T07:43:46.837Z, 1631000626837, device0
2021-09-07T07:43:47.838Z, 1631000627838, device0
2021-09-07T07:43:48.840Z, 1631000628840, device0
2021-09-07T07:43:49.840Z, 1631000629840, device0
2021-09-07T07:43:50.841Z, 1631000630841, device0
2021-09-07T07:43:51.842Z, 1631000631842, device0
2021-09-07T07:43:52.844Z, 1631000632844, device0
2021-09-07T07:43:53.844Z, 1631000633844, device0
2021-09-07T07:43:54.845Z, 1631000634845, device0
2021-09-07T07:43:55.846Z, 1631000635846, device0
2021-09-07T07:43:56.847Z, 1631000636847, device0
2021-09-07T07:43:57.849Z, 1631000637849, device0
2021-09-07T07:43:58.849Z, 1631000638849, device0
2021-09-07T07:43:59.851Z, 1631000639851, device0
2021-09-07T07:44:00.851Z, 1631000640851, device0
2021-09-07T07:44:01.852Z, 1631000641852, device0
2021-09-07T07:44:02.854Z, 1631000642854, device0
2021-09-07T07:44:03.855Z, 1631000643855, device0
2021-09-07T07:44:04.857Z, 1631000644857, device0
2021-09-07T07:44:05.857Z, 1631000645857, device0
2021-09-07T07:44:06.859Z, 1631000646859, device0
2021-09-07T07:44:07.859Z, 1631000647859, device0
2021-09-07T07:44:08.860Z, 1631000648860, device0
2021-09-07T07:44:09.862Z, 1631000649862, device0
2021-09-07T07:44:10.863Z, 1631000650863, device0
2021-09-07T07:44:11.865Z, 1631000651865, device0
2021-09-07T07:44:12.865Z, 1631000652865, device0
2021-09-07T07:44:13.866Z, 1631000653866, device0
2021-09-07T07:44:14.868Z, 1631000654868, device0
2021-09-07T07:44:15.868Z, 1631000655868, device0
2021-09-07T07:44:16.869Z, 1631000656869, device0
2021-09-07T07:44:17.870Z, 1631000657870, device0
2021-09-07T07:44:18.872Z, 1631000658872, device0
2021-09-07T07:44:19.872Z, 1631000659872, device0
2021-09-07T07:44:20.873Z, 1631000660873, device0
2021-09-07T07:44:21.874Z, 1631000661874, device0
2021-09-07T07:44:22.875Z, 1631000662875, device0
2021-09-07T07:44:23.877Z, 1631000663877, device0
2021-09-07T07:44:24.877Z, 1631000664877, device0
2021-09-07T07:44:25.878Z, 1631000665878, device0
2021-09-07T07:44:26.880Z, 1631000666880, device0
2021-09-07T07:44:27.880Z, 1631000667880, device0
2021-09-07T07:44:28.881Z, 1631000668881, device0
2021-09-07T07:44:29.882Z, 1631000669882, device0
2021-09-07T07:44:30.884Z, 1631000670884, device0
2021-09-07T07:44:31.883Z, 1631000671883, device0
2021-09-07T07:44:32.884Z, 1631000672884, device0
2021-09-07T07:44:33.885Z, 1631000673885, device0
2021-09-07T07:44:34.886Z, 1631000674886, device0
2021-09-07T07:44:35.888Z, 1631000675888, device0
2021-09-07T07:44:36.888Z, 1631000676888, device0
2021-09-07T07:44:37.889Z, 1631000677889, device0
2021-09-07T07:44:38.890Z, 1631000678890, device0
2021-09-07T07:44:39.892Z, 1631000679892, device0
2021-09-07T07:44:40.892Z, 1631000680892, device0
2021-09-07T07:44:41.894Z, 1631000681894, device0
2021-09-07T07:44:42.894Z, 1631000682894, device0
2021-09-07T07:44:43.895Z, 1631000683895, device0
2021-09-07T07:44:44.897Z, 1631000684897, device0
2021-09-07T07:44:45.898Z, 1631000685898, device0
2021-09-07T07:44:46.900Z, 1631000686900, device0
2021-09-07T07:44:47.900Z, 1631000687900, device0
2021-09-07T07:44:48.901Z, 1631000688901, device0
2021-09-07T07:44:49.902Z, 1631000689902, device0
2021-09-07T07:44:50.903Z, 1631000690903, device0
2021-09-07T07:44:51.905Z, 1631000691905, device0
2021-09-07T07:44:52.906Z, 1631000692906, device0
2021-09-07T07:44:53.908Z, 1631000693908, device0
2021-09-07T07:44:54.908Z, 1631000694908, device0
2021-09-07T07:44:55.909Z, 1631000695909, device0
2021-09-07T07:44:56.910Z, 1631000696910, device0
2021-09-07T07:44:57.912Z, 1631000697912, device0
2021-09-07T07:44:58.912Z, 1631000698912, device0
2021-09-07T07:44:59.913Z, 1631000699913, device0
2021-09-07T07:45:00.914Z, 1631000700914, device0
2021-09-07T07:45:01.916Z, 1631000701916, device0
2021-09-07T07:45:02.916Z, 1631000702916, device0
2021-09-07T07:45:03.917Z, 1631000703917, device0
2021-09-07T07:45:04.918Z, 1631000704918, device0
2021-09-07T07:45:05.919Z, 1631000705919, device0
2021-09-07T07:45:06.921Z, 1631000706921, device0
2021-09-07T07:45:07.921Z, 1631000707921, device0
2021-09-07T07:45:08.922Z, 1631000708922, device0
2021-09-07T07:45:09.923Z, 1631000709923, device0
2021-09-07T07:45:10.924Z, 1631000710924, device0
2021-09-07T07:45:11.925Z, 1631000711925, device0
2021-09-07T07:45:12.926Z, 1631000712926, device0
2021-09-07T07:45:13.928Z, 1631000713928, device0
2021-09-07T07:45:14.928Z, 1631000714928, device0
2021-09-07T07:45:15.929Z, 1631000715929, device0
2021-09-07T07:45:16.930Z, 1631000716930, device0
2021-09-07T07:45:17.931Z, 1631000717931, device0
2021-09-07T07:45:18.933Z, 1631000718933, device0
2021-09-07T07:45:19.933Z, 1631000719933, device0
2021-09-07T07:45:20.934Z, 1631000720934, device0
2021-09-07T07:45:21.936Z, 1631000721936, device0
2021-09-07T07:45:22.936Z, 1631000722936, device0
2021-09-07T07:45:23.937Z, 1631000723937, device0
2021-09-07T07:45:24.938Z, 1631000724938, device0
2021-09-07T07:45:25.940Z, 1631000725940, device0
2021-09-07T07:45:26.940Z, 1631000726940, device0
2021-09-07T07:45:27.941Z, 1631000727941, device0
2021-09-07T07:45:28.942Z, 1631000728942, device0
2021-09-07T07:45:29.943Z, 1631000729943, device0
2021-09-07T07:45:30.945Z, 1631000730945, device0
2021-09-07T07:45:31.945Z, 1631000731945, device0
2021-09-07T07:45:32.946Z, 1631000732946, device0
2021-09-07T07:45:33.948Z, 1631000733948, device0
2021-09-07T07:45:34.948Z, 1631000734948, device0
2021-09-07T07:45:35.949Z, 1631000735949, device0
2021-09-07T07:45:36.950Z, 1631000736950, device0
2021-09-07T07:45:37.952Z, 1631000737952, device0
2021-09-07T07:45:38.952Z, 1631000738952, device0
2021-09-07T07:45:39.953Z, 1631000739953, device0
2021-09-07T07:45:40.954Z, 1631000740954, device0
2021-09-07T07:45:41.956Z, 1631000741956, device0
2021-09-07T07:45:42.956Z, 1631000742956, device0
2021-09-07T07:45:43.957Z, 1631000743957, device0
2021-09-07T07:45:44.958Z, 1631000744958, device0
2021-09-07T07:45:45.960Z, 1631000745960, device0
2021-09-07T07:45:46.960Z, 1631000746960, device0
2021-09-07T07:45:47.961Z, 1631000747961, device0
2021-09-07T07:45:48.963Z, 1631000748963, device0
2021-09-07T07:45:49.963Z, 1631000749963, device0
2021-09-07T07:45:50.964Z, 1631000750964, device0
2021-09-07T07:45:51.965Z, 1631000751965, device0
2021-09-07T07:45:52.966Z, 1631000752966, device0
2021-09-07T07:45:53.968Z, 1631000753968, device0
2021-09-07T07:45:54.968Z, 1631000754968, device0
2021-09-07T07:45:55.969Z, 1631000755969, device0
2021-09-07T07:45:56.970Z, 1631000756970, device0
2021-09-07T07:45:57.972Z, 1631000757972, device0
2021-09-07T07:45:58.972Z, 1631000758972, device0
2021-09-07T07:45:59.973Z, 1631000759973, device0
2021-09-07T07:46:00.975Z, 1631000760975, device0
2021-09-07T07:46:01.976Z, 1631000761976, device0
2021-09-07T07:46:02.977Z, 1631000762977, device0
2021-09-07T07:46:03.978Z, 1631000763978, device0
2021-09-07T07:46:04.980Z, 1631000764980, device0
2021-09-07T07:46:05.980Z, 1631000765980, device0
2021-09-07T07:46:06.981Z, 1631000766981, device0
2021-09-07T07:46:07.983Z, 1631000767983, device0
2021-09-07T07:46:08.983Z, 1631000768983, device0
2021-09-07T07:46:09.984Z, 1631000769984, device0
2021-09-07T07:46:10.985Z, 1631000770985, device0
2021-09-07T07:46:11.986Z, 1631000771986, device0
2021-09-07T07:46:12.988Z, 1631000772988, device0
2021-09-07T07:46:13.988Z, 1631000773988, device0
2021-09-07T07:46:14.989Z, 1631000774989, device0
2021-09-07T07:46:15.991Z, 1631000775991, device0
2021-09-07T07:46:16.992Z, 1631000776992, device0
2021-09-07T07:46:17.993Z, 1631000777993, device0
2021-09-07T07:46:18.994Z, 1631000778994, device0
2021-09-07T07:46:19.995Z, 1631000779995, device0
2021-09-07T07:46:20.997Z, 1631000780997, device0
2021-09-07T07:46:21.997Z, 1631000781997, device0
2021-09-07T07:46:22.998Z, 1631000782998, device0
2021-09-07T07:46:24.000Z, 1631000784000, device0
2021-09-07T07:46:25.000Z, 1631000785000, device0
2021-09-07T07:46:26.001Z, 1631000786001, device0
2021-09-07T07:46:27.003Z, 1631000787003, device0
2021-09-07T07:46:28.003Z, 1631000788003, device0
2021-09-07T07:46:29.004Z, 1631000789004, device0
2021-09-07T07:46:30.005Z, 1631000790005, device0
2021-09-07T07:46:31.006Z, 1631000791006, device0
2021-09-07T07:46:32.008Z, 1631000792008, device0
2021-09-07T07:46:33.009Z, 1631000793009, device0
2021-09-07T07:46:34.011Z, 1631000794011, device0
2021-09-07T07:46:35.012Z, 1631000795012, device0
2021-09-07T07:46:36.013Z, 1631000796013, device0
2021-09-07T07:46:37.014Z, 1631000797014, device0
2021-09-07T07:46:38.016Z, 1631000798016, device0
2021-09-07T07:46:39.016Z, 1631000799016, device0
2021-09-07T07:46:40.017Z, 1631000800017, device0
2021-09-07T07:46:41.018Z, 1631000801018, device0
2021-09-07T07:46:42.020Z, 1631000802020, device0
2021-09-07T07:46:43.019Z, 1631000803019, device0
2021-09-07T07:46:44.021Z, 1631000804021, device0
2021-09-07T07:46:45.021Z, 1631000805021, device0
2021-09-07T07:46:46.022Z, 1631000806022, device0
2021-09-07T07:46:47.024Z, 1631000807024, device0
2021-09-07T07:46:48.024Z, 1631000808024, device0
2021-09-07T07:46:49.025Z, 1631000809025, device0
2021-09-07T07:46:50.026Z, 1631000810026, device0
2021-09-07T07:46:51.028Z, 1631000811028, device0
2021-09-07T07:46:52.028Z, 1631000812028, device0
2021-09-07T07:46:53.029Z, 1631000813029, device0
2021-09-07T07:46:54.030Z, 1631000814030, device0
2021-09-07T07:46:55.032Z, 1631000815032, device0
2021-09-07T07:46:56.032Z, 1631000816032, device0
2021-09-07T07:46:57.033Z, 1631000817033, device0
2021-09-07T07:46:58.034Z, 1631000818034, device0
2021-09-07T07:46:59.035Z, 1631000819035, device0
2021-09-07T07:47:00.036Z, 1631000820036, device0
2021-09-07T07:47:01.037Z, 1631000821037, device0
2021-09-07T07:47:02.039Z, 1631000822039, device0
2021-09-07T07:47:03.039Z, 1631000823039, device0
2021-09-07T07:47:04.039Z, 1631000824039, device0
2021-09-07T07:47:05.041Z, 1631000825041, device0
2021-09-07T07:47:06.041Z, 1631000826041, device0
2021-09-07T07:47:07.043Z, 1631000827043, device0
2021-09-07T07:47:08.043Z, 1631000828043, device0
2021-09-07T07:47:09.044Z, 1631000829044, device0
2021-09-07T07:47:10.046Z, 1631000830046, device0
2021-09-07T07:47:11.046Z, 1631000831046, device0
2021-09-07T07:47:12.047Z, 1631000832047, device0
2021-09-07T07:47:13.048Z, 1631000833048, device0
2021-09-07T07:47:14.049Z, 1631000834049, device0
2021-09-07T07:47:15.050Z, 1631000835050, device0
2021-09-07T07:47:16.052Z, 1631000836052, device0
2021-09-07T07:47:17.052Z, 1631000837052, device0
2021-09-07T07:47:18.053Z, 1631000838053, device0
2021-09-07T07:47:19.054Z, 1631000839054, device0
2021-09-07T07:47:20.056Z, 1631000840056, device0
2021-09-07T07:47:21.056Z, 1631000841056, device0
2021-09-07T07:47:22.057Z, 1631000842057, device0
2021-09-07T07:47:23.058Z, 1631000843058, device0
2021-09-07T07:47:24.059Z, 1631000844059, device0
2021-09-07T07:47:25.061Z, 1631000845061, device0
2021-09-07T07:47:26.061Z, 1631000846061, device0
2021-09-07T07:47:27.062Z, 1631000847062, device0
2021-09-07T07:47:28.064Z, 1631000848064, device0
2021-09-07T07:47:29.064Z, 1631000849064, device0
2021-09-07T07:47:30.065Z, 1631000850065, device0
2021-09-07T07:47:31.066Z, 1631000851066, device0
2021-09-07T07:47:32.068Z, 1631000852068, device0
2021-09-07T07:47:33.068Z, 1631000853068, device0
2021-09-07T07:47:34.069Z, 1631000854069, device0
2021-09-07T07:47:35.070Z, 1631000855070, device0
2021-09-07T07:47:36.072Z, 1631000856072, device0
2021-09-07T07:47:37.072Z, 1631000857072, device0
2021-09-07T07:47:38.073Z, 1631000858073, device0
2021-09-07T07:47:39.074Z, 1631000859074, device0
2021-09-07T07:47:40.076Z, 1631000860076, device0
2021-09-07T07:47:41.076Z, 1631000861076, device0
2021-09-07T07:47:42.077Z, 1631000862077, device0
2021-09-07T07:47:43.078Z, 1631000863078, device0
2021-09-07T07:47:44.079Z, 1631000864079, device0
2021-09-07T07:47:45.081Z, 1631000865081, device0
2021-09-07T07:47:46.081Z, 1631000866081, device0
2021-09-07T07:47:47.082Z, 1631000867082, device0
2021-09-07T07:47:48.084Z, 1631000868084, device0
2021-09-07T07:47:49.084Z, 1631000869084, device0
2021-09-07T07:47:50.086Z, 1631000870086, device0
2021-09-07T07:47:51.086Z, 1631000871086, device0
2021-09-07T07:47:52.088Z, 1631000872088, device0
2021-09-07T07:47:53.088Z, 1631000873088, device0
2021-09-07T07:47:54.089Z, 1631000874089, device0
2021-09-07T07:47:55.090Z, 1631000875090, device0
2021-09-07T07:47:56.092Z, 1631000876092, device0
2021-09-07T07:47:57.092Z, 1631000877092, device0
2021-09-07T07:47:58.094Z, 1631000878094, device0
2021-09-07T07:47:59.094Z, 1631000879094, device0
2021-09-07T07:48:00.095Z, 1631000880095, device0
2021-09-07T07:48:01.097Z, 1631000881097, device0
2021-09-07T07:48:02.098Z, 1631000882098, device0
2021-09-07T07:48:03.100Z, 1631000883100, device0
2021-09-07T07:48:04.100Z, 1631000884100, device0
2021-09-07T07:48:05.101Z, 1631000885101, device0
2021-09-07T07:48:06.102Z, 1631000886102, device0
2021-09-07T07:48:07.103Z, 1631000887103, device0
2021-09-07T07:48:08.105Z, 1631000888105, device0
2021-09-07T07:48:09.105Z, 1631000889105, device0
2021-09-07T07:48:10.106Z, 1631000890106, device0
2021-09-07T07:48:11.107Z, 1631000891107, device0
2021-09-07T07:48:12.107Z, 1631000892107, device0
2021-09-07T07:48:13.108Z, 1631000893108, device0
2021-09-07T07:48:14.109Z, 1631000894109, device0
2021-09-07T07:48:15.110Z, 1631000895110, device0
2021-09-07T07:48:16.112Z, 1631000896112, device0
2021-09-07T07:48:17.113Z, 1631000897113, device0
2021-09-07T07:48:18.114Z, 1631000898114, device0
2021-09-07T07:48:19.116Z, 1631000899116, device0
2021-09-07T07:48:20.117Z, 1631000900117, device0
2021-09-07T07:48:21.118Z, 1631000901118, device0
2021-09-07T07:48:22.122Z, 1631000902122, device0
2021-09-07T07:48:23.123Z, 1631000903123, device0
2021-09-07T07:48:24.125Z, 1631000904125, device0
2021-09-07T07:48:25.126Z, 1631000905126, device0
2021-09-07T07:48:26.128Z, 1631000906128, device0
2021-09-07T07:48:27.128Z, 1631000907128, device0
2021-09-07T07:48:28.129Z, 1631000908129, device0
2021-09-07T07:48:29.130Z, 1631000909130, device0
2021-09-07T07:48:30.132Z, 1631000910132, device0
2021-09-07T07:48:31.132Z, 1631000911132, device0
2021-09-07T07:48:32.133Z, 1631000912133, device0
2021-09-07T07:48:33.134Z, 1631000913134, device0
2021-09-07T07:48:34.136Z, 1631000914136, device0
2021-09-07T07:48:35.135Z, 1631000915135, device0
2021-09-07T07:48:36.136Z, 1631000916136, device0
2021-09-07T07:48:37.138Z, 1631000917138, device0
2021-09-07T07:48:38.138Z, 1631000918138, device0
2021-09-07T07:48:39.139Z, 1631000919139, device0
2021-09-07T07:48:40.141Z, 1631000920141, device0
2021-09-07T07:48:41.141Z, 1631000921141, device0
2021-09-07T07:48:42.142Z, 1631000922142, device0
2021-09-07T07:48:43.144Z, 1631000923144, device0
2021-09-07T07:48:44.144Z, 1631000924144, device0
2021-09-07T07:48:45.145Z, 1631000925145, device0
2021-09-07T07:48:46.146Z, 1631000926146, device0
2021-09-07T07:48:47.148Z, 1631000927148, device0
2021-09-07T07:48:48.148Z, 1631000928148, device0
2021-09-07T07:48:49.149Z, 1631000929149, device0
2021-09-07T07:48:50.151Z, 1631000930151, device0
2021-09-07T07:48:51.151Z, 1631000931151, device0
2021-09-07T07:48:52.152Z, 1631000932152, device0
2021-09-07T07:48:53.154Z, 1631000933154, device0
2021-09-07T07:48:54.153Z, 1631000934153, device0
2021-09-07T07:48:55.154Z, 1631000935154, device0
2021-09-07T07:48:56.155Z, 1631000936155, device0
2021-09-07T07:48:57.157Z, 1631000937157, device0
2021-09-07T07:48:58.157Z, 1631000938157, device0
2021-09-07T07:48:59.158Z, 1631000939158, device0
2021-09-07T07:49:00.160Z, 1631000940160, device0
2021-09-07T07:49:01.160Z, 1631000941160, device0
2021-09-07T07:49:02.161Z, 1631000942161, device0
2021-09-07T07:49:03.162Z, 1631000943162, device0
2021-09-07T07:49:04.163Z, 1631000944163, device0
2021-09-07T07:49:05.165Z, 1631000945165, device0
2021-09-07T07:49:06.165Z, 1631000946165, device0
2021-09-07T07:49:07.166Z, 1631000947166, device0
2021-09-07T07:49:08.168Z, 1631000948168, device0
2021-09-07T07:49:09.168Z, 1631000949168, device0
2021-09-07T07:49:10.170Z, 1631000950170, device0
2021-09-07T07:49:11.170Z, 1631000951170, device0
2021-09-07T07:49:12.171Z, 1631000952171, device0
2021-09-07T07:49:13.173Z, 1631000953173, device0
2021-09-07T07:49:14.173Z, 1631000954173, device0
2021-09-07T07:49:15.174Z, 1631000955174, device0
2021-09-07T07:49:16.174Z, 1631000956174, device0
2021-09-07T07:49:17.175Z, 1631000957175, device0
2021-09-07T07:49:18.176Z, 1631000958176, device0
2021-09-07T07:49:19.177Z, 1631000959177, device0
2021-09-07T07:49:20.178Z, 1631000960178, device0
2021-09-07T07:49:21.179Z, 1631000961179, device0
2021-09-07T07:49:22.180Z, 1631000962180, device0
2021-09-07T07:49:23.181Z, 1631000963181, device0
2021-09-07T07:49:24.183Z, 1631000964183, device0
2021-09-07T07:49:25.183Z, 1631000965183, device0
2021-09-07T07:49:26.185Z, 1631000966185, device0
2021-09-07T07:49:27.185Z, 1631000967185, device0
2021-09-07T07:49:28.186Z, 1631000968186, device0
2021-09-07T07:49:29.188Z, 1631000969188, device0
2021-09-07T07:49:30.188Z, 1631000970188, device0
2021-09-07T07:49:31.189Z, 1631000971189, device0
2021-09-07T07:49:32.191Z, 1631000972191, device0
2021-09-07T07:49:33.191Z, 1631000973191, device0
2021-09-07T07:49:34.192Z, 1631000974192, device0
2021-09-07T07:49:35.193Z, 1631000975193, device0
2021-09-07T07:49:36.194Z, 1631000976194, device0
2021-09-07T07:49:37.196Z, 1631000977196, device0
2021-09-07T07:49:38.196Z, 1631000978196, device0
2021-09-07T07:49:39.197Z, 1631000979197, device0
2021-09-07T07:49:40.198Z, 1631000980198, device0
2021-09-07T07:49:41.200Z, 1631000981200, device0
2021-09-07T07:49:42.200Z, 1631000982200, device0
2021-09-07T07:49:43.201Z, 1631000983201, device0
2021-09-07T07:49:44.203Z, 1631000984203, device0
2021-09-07T07:49:45.204Z, 1631000985204, device0
2021-09-07T07:49:46.206Z, 1631000986206, device0
2021-09-07T07:49:47.207Z, 1631000987207, device0
2021-09-07T07:49:48.209Z, 1631000988209, device0
2021-09-07T07:49:49.210Z, 1631000989210, device0
2021-09-07T07:49:50.212Z, 1631000990212, device0
2021-09-07T07:49:51.212Z, 1631000991212, device0
2021-09-07T07:49:52.213Z, 1631000992213, device0
2021-09-07T07:49:53.214Z, 1631000993214, device0
2021-09-07T07:49:54.213Z, 1631000994213, device0
2021-09-07T07:49:55.215Z, 1631000995215, device0
2021-09-07T07:49:56.216Z, 1631000996216, device0
2021-09-07T07:49:57.217Z, 1631000997217, device0
2021-09-07T07:49:58.218Z, 1631000998218, device0
2021-09-07T07:49:59.219Z, 1631000999219, device0
2021-09-07T07:50:00.221Z, 1631001000221, device0
2021-09-07T07:50:01.221Z, 1631001001221, device0
2021-09-07T07:50:02.222Z, 1631001002222, device0
2021-09-07T07:50:03.223Z, 1631001003223, device0
2021-09-07T07:50:04.224Z, 1631001004224, device0
2021-09-07T07:50:05.226Z, 1631001005226, device0
2021-09-07T07:50:06.226Z, 1631001006226, device0
2021-09-07T07:50:07.226Z, 1631001007226, device0
2021-09-07T07:50:08.227Z, 1631001008227, device0
2021-09-07T07:50:09.229Z, 1631001009229, device0
2021-09-07T07:50:10.229Z, 1631001010229, device0
2021-09-07T07:50:11.230Z, 1631001011230, device0
2021-09-07T07:50:12.232Z, 1631001012232, device0
2021-09-07T07:50:13.232Z, 1631001013232, device0
2021-09-07T07:50:14.233Z, 1631001014233, device0
2021-09-07T07:50:15.234Z, 1631001015234, device0
2021-09-07T07:50:16.236Z, 1631001016236, device0
2021-09-07T07:50:17.236Z, 1631001017236, device0
2021-09-07T07:50:18.238Z, 1631001018238, device0
2021-09-07T07:50:19.239Z, 1631001019239, device0
2021-09-07T07:50:20.240Z, 1631001020240, device0
2021-09-07T07:50:21.241Z, 1631001021241, device0
2021-09-07T07:50:22.242Z, 1631001022242, device0
2021-09-07T07:50:23.244Z, 1631001023244, device0
2021-09-07T07:50:24.244Z, 1631001024244, device0
2021-09-07T07:50:25.245Z, 1631001025245, device0
2021-09-07T07:50:26.246Z, 1631001026246, device0
2021-09-07T07:50:27.247Z, 1631001027247, device0
2021-09-07T07:50:28.248Z, 1631001028248, device0
2021-09-07T07:50:29.249Z, 1631001029249, device0
2021-09-07T07:50:30.250Z, 1631001030250, device0
2021-09-07T07:50:31.252Z, 1631001031252, device0
2021-09-07T07:50:32.252Z, 1631001032252, device0
2021-09-07T07:50:33.253Z, 1631001033253, device0
2021-09-07T07:50:34.255Z, 1631001034255, device0
2021-09-07T07:50:35.256Z, 1631001035256, device0
2021-09-07T07:50:36.257Z, 1631001036257, device0
2021-09-07T07:50:37.258Z, 1631001037258, device0
2021-09-07T07:50:38.260Z, 1631001038260, device0
2021-09-07T07:50:39.260Z, 1631001039260, device0
2021-09-07T07:50:40.261Z, 1631001040261, device0
2021-09-07T07:50:41.262Z, 1631001041262, device0
2021-09-07T07:50:42.264Z, 1631001042264, device0
2021-09-07T07:50:43.263Z, 1631001043263, device0
2021-09-07T07:50:44.265Z, 1631001044265, device0
2021-09-07T07:50:45.265Z, 1631001045265, device0
2021-09-07T07:50:46.266Z, 1631001046266, device0
2021-09-07T07:50:47.268Z, 1631001047268, device0
2021-09-07T07:50:48.268Z, 1631001048268, device0
2021-09-07T07:50:49.269Z, 1631001049269, device0
2021-09-07T07:50:50.271Z, 1631001050271, device0
2021-09-07T07:50:51.272Z, 1631001051272, device0
2021-09-07T07:50:52.274Z, 1631001052274, device0
2021-09-07T07:50:53.274Z, 1631001053274, device0
2021-09-07T07:50:54.275Z, 1631001054275, device0
2021-09-07T07:50:55.276Z, 1631001055276, device0
2021-09-07T07:50:56.277Z, 1631001056277, device0
2021-09-07T07:50:57.278Z, 1631001057278, device0
2021-09-07T07:50:58.280Z, 1631001058280, device0
2021-09-07T07:50:59.280Z, 1631001059280, device0
2021-09-07T07:51:00.281Z, 1631001060281, device0
2021-09-07T07:51:01.283Z, 1631001061283, device0
2021-09-07T07:51:02.284Z, 1631001062284, device0
2021-09-07T07:51:03.286Z, 1631001063286, device0
2021-09-07T07:51:04.286Z, 1631001064286, device0
2021-09-07T07:51:05.288Z, 1631001065288, device0
2021-09-07T07:51:06.288Z, 1631001066288, device0
2021-09-07T07:51:07.289Z, 1631001067289, device0
2021-09-07T07:51:08.289Z, 1631001068289, device0
2021-09-07T07:51:09.290Z, 1631001069290, device0
2021-09-07T07:51:10.291Z, 1631001070291, device0
2021-09-07T07:51:11.293Z, 1631001071293, device0
2021-09-07T07:51:12.293Z, 1631001072293, device0
2021-09-07T07:51:13.294Z, 1631001073294, device0
2021-09-07T07:51:14.296Z, 1631001074296, device0
2021-09-07T07:51:15.296Z, 1631001075296, device0
2021-09-07T07:51:16.297Z, 1631001076297, device0
2021-09-07T07:51:17.299Z, 1631001077299, device0
2021-09-07T07:51:18.300Z, 1631001078300, device0
2021-09-07T07:51:19.301Z, 1631001079301, device0
2021-09-07T07:51:20.302Z, 1631001080302, device0
2021-09-07T07:51:21.302Z, 1631001081302, device0
2021-09-07T07:51:22.303Z, 1631001082303, device0
2021-09-07T07:51:23.304Z, 1631001083304, device0
2021-09-07T07:51:24.305Z, 1631001084305, device0
2021-09-07T07:51:25.306Z, 1631001085306, device0
2021-09-07T07:51:26.307Z, 1631001086307, device0
2021-09-07T07:51:27.308Z, 1631001087308, device0
2021-09-07T07:51:28.309Z, 1631001088309, device0
2021-09-07T07:51:29.310Z, 1631001089310, device0
2021-09-07T07:51:30.311Z, 1631001090311, device0
2021-09-07T07:51:31.312Z, 1631001091312, device0
2021-09-07T07:51:32.313Z, 1631001092313, device0
2021-09-07T07:51:33.314Z, 1631001093314, device0
2021-09-07T07:51:34.315Z, 1631001094315, device0
2021-09-07T07:51:35.316Z, 1631001095316, device0
2021-09-07T07:51:36.317Z, 1631001096317, device0
2021-09-07T07:51:37.318Z, 1631001097318, device0
2021-09-07T07:51:38.320Z, 1631001098320, device0
2021-09-07T07:51:39.320Z, 1631001099320, device0
2021-09-07T07:51:40.321Z, 1631001100321, device0
2021-09-07T07:51:41.323Z, 1631001101323, device0
2021-09-07T07:51:42.323Z, 1631001102323, device0
2021-09-07T07:51:43.324Z, 1631001103324, device0
2021-09-07T07:51:44.325Z, 1631001104325, device0
2021-09-07T07:51:45.326Z, 1631001105326, device0
2021-09-07T07:51:46.328Z, 1631001106328, device0
2021-09-07T07:51:47.328Z, 1631001107328, device0
2021-09-07T07:51:48.329Z, 1631001108329, device0
2021-09-07T07:51:49.331Z, 1631001109331, device0
2021-09-07T07:51:50.331Z, 1631001110331, device0
2021-09-07T07:51:51.333Z, 1631001111333, device0
2021-09-07T07:51:52.332Z, 1631001112332, device0
2021-09-07T07:51:53.333Z, 1631001113333, device0
2021-09-07T07:51:54.334Z, 1631001114334, device0
2021-09-07T07:51:55.336Z, 1631001115336, device0
2021-09-07T07:51:56.336Z, 1631001116336, device0
2021-09-07T07:51:57.337Z, 1631001117337, device0
2021-09-07T07:51:58.338Z, 1631001118338, device0
2021-09-07T07:51:59.340Z, 1631001119340, device0
2021-09-07T07:52:00.340Z, 1631001120340, device0
2021-09-07T07:52:01.341Z, 1631001121341, device0
2021-09-07T07:52:02.342Z, 1631001122342, device0
2021-09-07T07:52:03.343Z, 1631001123343, device0
2021-09-07T07:52:04.344Z, 1631001124344, device0
2021-09-07T07:52:05.345Z, 1631001125345, device0
2021-09-07T07:52:06.346Z, 1631001126346, device0
2021-09-07T07:52:07.347Z, 1631001127347, device0
2021-09-07T07:52:08.348Z, 1631001128348, device0
2021-09-07T07:52:09.349Z, 1631001129349, device0
2021-09-07T07:52:10.350Z, 1631001130350, device0
2021-09-07T07:52:11.351Z, 1631001131351, device0
2021-09-07T07:52:12.353Z, 1631001132353, device0
2021-09-07T07:52:13.353Z, 1631001133353, device0
2021-09-07T07:52:14.354Z, 1631001134354, device0
2021-09-07T07:52:15.356Z, 1631001135356, device0
2021-09-07T07:52:16.356Z, 1631001136356, device0
2021-09-07T07:52:17.358Z, 1631001137358, device0
2021-09-07T07:52:18.358Z, 1631001138358, device0
2021-09-07T07:52:19.359Z, 1631001139359, device0
2021-09-07T07:52:20.361Z, 1631001140361, device0
2021-09-07T07:52:21.361Z, 1631001141361, device0
2021-09-07T07:52:22.361Z, 1631001142361, device0
2021-09-07T07:52:23.362Z, 1631001143362, device0
2021-09-07T07:52:24.363Z, 1631001144363, device0
2021-09-07T07:52:25.365Z, 1631001145365, device0
2021-09-07T07:52:26.366Z, 1631001146366, device0
2021-09-07T07:52:27.368Z, 1631001147368, device0
2021-09-07T07:52:28.368Z, 1631001148368, device0
2021-09-07T07:52:29.370Z, 1631001149370, device0
2021-09-07T07:52:30.370Z, 1631001150370, device0
2021-09-07T07:52:31.371Z, 1631001151371, device0
2021-09-07T07:52:32.372Z, 1631001152372, device0
2021-09-07T07:52:33.373Z, 1631001153373, device0
2021-09-07T07:52:34.375Z, 1631001154375, device0
2021-09-07T07:52:35.375Z, 1631001155375, device0
2021-09-07T07:52:36.377Z, 1631001156377, device0
2021-09-07T07:52:37.377Z, 1631001157377, device0
2021-09-07T07:52:38.378Z, 1631001158378, device0
2021-09-07T07:52:39.380Z, 1631001159380, device0
2021-09-07T07:52:40.380Z, 1631001160380, device0
2021-09-07T07:52:41.381Z, 1631001161381, device0
2021-09-07T07:52:42.382Z, 1631001162382, device0
2021-09-07T07:52:43.384Z, 1631001163384, device0
2021-09-07T07:52:44.384Z, 1631001164384, device0
2021-09-07T07:52:45.385Z, 1631001165385, device0
2021-09-07T07:52:46.386Z, 1631001166386, device0
2021-09-07T07:52:47.388Z, 1631001167388, device0
2021-09-07T07:52:48.388Z, 1631001168388, device0
2021-09-07T07:52:49.389Z, 1631001169389, device0
2021-09-07T07:52:50.390Z, 1631001170390, device0
2021-09-07T07:52:51.391Z, 1631001171391, device0
2021-09-07T07:52:52.392Z, 1631001172392, device0
2021-09-07T07:52:53.394Z, 1631001173394, device0
2021-09-07T07:52:54.394Z, 1631001174394, device0
2021-09-07T07:52:55.395Z, 1631001175395, device0
2021-09-07T07:52:56.397Z, 1631001176397, device0
2021-09-07T07:52:57.397Z, 1631001177397, device0
2021-09-07T07:52:58.398Z, 1631001178398, device0
2021-09-07T07:52:59.400Z, 1631001179400, device0
2021-09-07T07:53:00.400Z, 1631001180400, device0
2021-09-07T07:53:01.401Z, 1631001181401, device0
2021-09-07T07:53:02.403Z, 1631001182403, device0
2021-09-07T07:53:03.403Z, 1631001183403, device0
2021-09-07T07:53:04.404Z, 1631001184404, device0
2021-09-07T07:53:05.405Z, 1631001185405, device0
2021-09-07T07:53:06.406Z, 1631001186406, device0
2021-09-07T07:53:07.408Z, 1631001187408, device0
2021-09-07T07:53:08.408Z, 1631001188408, device0
2021-09-07T07:53:09.409Z, 1631001189409, device0
2021-09-07T07:53:10.410Z, 1631001190410, device0
2021-09-07T07:53:11.412Z, 1631001191412, device0
2021-09-07T07:53:12.412Z, 1631001192412, device0
2021-09-07T07:53:13.413Z, 1631001193413, device0
2021-09-07T07:53:14.415Z, 1631001194415, device0
2021-09-07T07:53:15.416Z, 1631001195416, device0
2021-09-07T07:53:16.416Z, 1631001196416, device0
2021-09-07T07:53:17.418Z, 1631001197418, device0
2021-09-07T07:53:18.418Z, 1631001198418, device0
2021-09-07T07:53:19.419Z, 1631001199419, device0
2021-09-07T07:53:20.420Z, 1631001200420, device0
2021-09-07T07:53:21.421Z, 1631001201421, device0
2021-09-07T07:53:22.423Z, 1631001202423, device0
2021-09-07T07:53:23.423Z, 1631001203423, device0
2021-09-07T07:53:24.424Z, 1631001204424, device0
2021-09-07T07:53:25.425Z, 1631001205425, device0
2021-09-07T07:53:26.426Z, 1631001206426, device0
2021-09-07T07:53:27.428Z, 1631001207428, device0
2021-09-07T07:53:28.428Z, 1631001208428, device0
2021-09-07T07:53:29.429Z, 1631001209429, device0
2021-09-07T07:53:30.430Z, 1631001210430, device0
2021-09-07T07:53:31.431Z, 1631001211431, device0
2021-09-07T07:53:32.433Z, 1631001212433, device0
2021-09-07T07:53:33.433Z, 1631001213433, device0
2021-09-07T07:53:34.434Z, 1631001214434, device0
2021-09-07T07:53:35.436Z, 1631001215436, device0
2021-09-07T07:53:36.436Z, 1631001216436, device0
2021-09-07T07:53:37.437Z, 1631001217437, device0
2021-09-07T07:53:38.439Z, 1631001218439, device0
2021-09-07T07:53:39.439Z, 1631001219439, device0
2021-09-07T07:53:40.440Z, 1631001220440, device0
2021-09-07T07:53:41.441Z, 1631001221441, device0
2021-09-07T07:53:42.442Z, 1631001222442, device0
2021-09-07T07:53:43.443Z, 1631001223443, device0
2021-09-07T07:53:44.443Z, 1631001224443, device0
2021-09-07T07:53:45.444Z, 1631001225444, device0
2021-09-07T07:53:46.445Z, 1631001226445, device0
2021-09-07T07:53:47.446Z, 1631001227446, device0
2021-09-07T07:53:48.448Z, 1631001228448, device0
2021-09-07T07:53:49.448Z, 1631001229448, device0
2021-09-07T07:53:50.449Z, 1631001230449, device0
2021-09-07T07:53:51.451Z, 1631001231451, device0
2021-09-07T07:53:52.451Z, 1631001232451, device0
2021-09-07T07:53:53.452Z, 1631001233452, device0
2021-09-07T07:53:54.453Z, 1631001234453, device0
2021-09-07T07:53:55.454Z, 1631001235454, device0
2021-09-07T07:53:56.456Z, 1631001236456, device0
2021-09-07T07:53:57.456Z, 1631001237456, device0
2021-09-07T07:53:58.458Z, 1631001238458, device0
2021-09-07T07:53:59.458Z, 1631001239458, device0
2021-09-07T07:54:00.459Z, 1631001240459, device0
2021-09-07T07:54:01.461Z, 1631001241461, device0
2021-09-07T07:54:02.461Z, 1631001242461, device0
2021-09-07T07:54:03.462Z, 1631001243462, device0
2021-09-07T07:54:04.464Z, 1631001244464, device0
2021-09-07T07:54:05.464Z, 1631001245464, device0
2021-09-07T07:54:06.465Z, 1631001246465, device0
2021-09-07T07:54:07.466Z, 1631001247466, device0
2021-09-07T07:54:08.468Z, 1631001248468, device0
2021-09-07T07:54:09.468Z, 1631001249468, device0
2021-09-07T07:54:10.469Z, 1631001250469, device0
2021-09-07T07:54:11.471Z, 1631001251471, device0
2021-09-07T07:54:12.471Z, 1631001252471, device0
2021-09-07T07:54:13.472Z, 1631001253472, device0
2021-09-07T07:54:14.473Z, 1631001254473, device0
2021-09-07T07:54:15.474Z, 1631001255474, device0
2021-09-07T07:54:16.476Z, 1631001256476, device0
2021-09-07T07:54:17.476Z, 1631001257476, device0
2021-09-07T07:54:18.477Z, 1631001258477, device0
2021-09-07T07:54:19.478Z, 1631001259478, device0
2021-09-07T07:54:20.480Z, 1631001260480, device0
2021-09-07T07:54:21.480Z, 1631001261480, device0
2021-09-07T07:54:22.481Z, 1631001262481, device0
2021-09-07T07:54:23.482Z, 1631001263482, device0
2021-09-07T07:54:24.484Z, 1631001264484, device0
2021-09-07T07:54:25.484Z, 1631001265484, device0
2021-09-07T07:54:26.485Z, 1631001266485, device0
2021-09-07T07:54:27.487Z, 1631001267487, device0
2021-09-07T07:54:28.487Z, 1631001268487, device0
2021-09-07T07:54:29.489Z, 1631001269489, device0
2021-09-07T07:54:30.489Z, 1631001270489, device0
2021-09-07T07:54:31.490Z, 1631001271490, device0
2021-09-07T07:54:32.492Z, 1631001272492, device0
2021-09-07T07:54:33.493Z, 1631001273493, device0
2021-09-07T07:54:34.494Z, 1631001274494, device0
2021-09-07T07:54:35.496Z, 1631001275496, device0
2021-09-07T07:54:36.496Z, 1631001276496, device0
2021-09-07T07:54:37.497Z, 1631001277497, device0
2021-09-07T07:54:38.498Z, 1631001278498, device0
2021-09-07T07:54:39.500Z, 1631001279500, device0
2021-09-07T07:54:40.500Z, 1631001280500, device0
2021-09-07T07:54:41.501Z, 1631001281501, device0
2021-09-07T07:54:42.502Z, 1631001282502, device0
2021-09-07T07:54:43.504Z, 1631001283504, device0
2021-09-07T07:54:44.504Z, 1631001284504, device0
2021-09-07T07:54:45.505Z, 1631001285505, device0
2021-09-07T07:54:46.506Z, 1631001286506, device0
2021-09-07T07:54:47.508Z, 1631001287508, device0
2021-09-07T07:54:48.508Z, 1631001288508, device0
2021-09-07T07:54:49.509Z, 1631001289509, device0
2021-09-07T07:54:50.510Z, 1631001290510, device0
2021-09-07T07:54:51.512Z, 1631001291512, device0
2021-09-07T07:54:52.512Z, 1631001292512, device0
2021-09-07T07:54:53.513Z, 1631001293513, device0
2021-09-07T07:54:54.515Z, 1631001294515, device0
2021-09-07T07:54:55.515Z, 1631001295515, device0
2021-09-07T07:54:56.516Z, 1631001296516, device0
2021-09-07T07:54:57.518Z, 1631001297518, device0
2021-09-07T07:54:58.519Z, 1631001298519, device0
2021-09-07T07:54:59.521Z, 1631001299521, device0
2021-09-07T07:55:00.521Z, 1631001300521, device0
2021-09-07T07:55:01.522Z, 1631001301522, device0
2021-09-07T07:55:02.523Z, 1631001302523, device0
2021-09-07T07:55:03.524Z, 1631001303524, device0
2021-09-07T07:55:04.525Z, 1631001304525, device0
2021-09-07T07:55:05.525Z, 1631001305525, device0
2021-09-07T07:55:06.526Z, 1631001306526, device0
2021-09-07T07:55:07.528Z, 1631001307528, device0
2021-09-07T07:55:08.528Z, 1631001308528, device0
2021-09-07T07:55:09.529Z, 1631001309529, device0
2021-09-07T07:55:10.530Z, 1631001310530, device0
2021-09-07T07:55:11.532Z, 1631001311532, device0
2021-09-07T07:55:12.532Z, 1631001312532, device0
2021-09-07T07:55:13.533Z, 1631001313533, device0
2021-09-07T07:55:14.534Z, 1631001314534, device0
2021-09-07T07:55:15.536Z, 1631001315536, device0
2021-09-07T07:55:16.536Z, 1631001316536, device0
2021-09-07T07:55:17.537Z, 1631001317537, device0
2021-09-07T07:55:18.539Z, 1631001318539, device0
2021-09-07T07:55:19.539Z, 1631001319539, device0
2021-09-07T07:55:20.540Z, 1631001320540, device0
2021-09-07T07:55:21.541Z, 1631001321541, device0
2021-09-07T07:55:22.542Z, 1631001322542, device0
2021-09-07T07:55:23.544Z, 1631001323544, device0
2021-09-07T07:55:24.544Z, 1631001324544, device0
2021-09-07T07:55:25.546Z, 1631001325546, device0
2021-09-07T07:55:26.546Z, 1631001326546, device0
2021-09-07T07:55:27.547Z, 1631001327547, device0
2021-09-07T07:55:28.549Z, 1631001328549, device0
2021-09-07T07:55:29.549Z, 1631001329549, device0
2021-09-07T07:55:30.550Z, 1631001330550, device0
2021-09-07T07:55:31.552Z, 1631001331552, device0
2021-09-07T07:55:32.552Z, 1631001332552, device0
2021-09-07T07:55:33.553Z, 1631001333553, device0
2021-09-07T07:55:34.555Z, 1631001334555, device0
2021-09-07T07:55:35.556Z, 1631001335556, device0
2021-09-07T07:55:36.558Z, 1631001336558, device0
2021-09-07T07:55:37.558Z, 1631001337558, device0
2021-09-07T07:55:38.559Z, 1631001338559, device0
2021-09-07T07:55:39.561Z, 1631001339561, device0
2021-09-07T07:55:40.561Z, 1631001340561, device0
2021-09-07T07:55:41.562Z, 1631001341562, device0
2021-09-07T07:55:42.564Z, 1631001342564, device0
2021-09-07T07:55:43.564Z, 1631001343564, device0
2021-09-07T07:55:44.565Z, 1631001344565, device0
2021-09-07T07:55:45.566Z, 1631001345566, device0
2021-09-07T07:55:46.568Z, 1631001346568, device0
2021-09-07T07:55:47.567Z, 1631001347567, device0
2021-09-07T07:55:48.569Z, 1631001348569, device0
2021-09-07T07:55:49.569Z, 1631001349569, device0
2021-09-07T07:55:50.570Z, 1631001350570, device0
2021-09-07T07:55:51.571Z, 1631001351571, device0
2021-09-07T07:55:52.572Z, 1631001352572, device0
2021-09-07T07:55:53.574Z, 1631001353574, device0
2021-09-07T07:55:54.574Z, 1631001354574, device0
2021-09-07T07:55:55.576Z, 1631001355576, device0
2021-09-07T07:55:56.576Z, 1631001356576, device0
2021-09-07T07:55:57.577Z, 1631001357577, device0
2021-09-07T07:55:58.578Z, 1631001358578, device0
2021-09-07T07:55:59.580Z, 1631001359580, device0
2021-09-07T07:56:00.580Z, 1631001360580, device0
2021-09-07T07:56:01.581Z, 1631001361581, device0
2021-09-07T07:56:02.582Z, 1631001362582, device0
2021-09-07T07:56:03.583Z, 1631001363583, device0
2021-09-07T07:56:04.584Z, 1631001364584, device0
2021-09-07T07:56:05.585Z, 1631001365585, device0
2021-09-07T07:56:06.586Z, 1631001366586, device0
2021-09-07T07:56:07.588Z, 1631001367588, device0
2021-09-07T07:56:08.587Z, 1631001368587, device0
2021-09-07T07:56:09.589Z, 1631001369589, device0
2021-09-07T07:56:10.589Z, 1631001370589, device0
2021-09-07T07:56:11.590Z, 1631001371590, device0
2021-09-07T07:56:12.592Z, 1631001372592, device0
2021-09-07T07:56:13.592Z, 1631001373592, device0
2021-09-07T07:56:14.593Z, 1631001374593, device0
2021-09-07T07:56:15.594Z, 1631001375594, device0
2021-09-07T07:56:16.595Z, 1631001376595, device0
2021-09-07T07:56:17.596Z, 1631001377596, device0
2021-09-07T07:56:18.597Z, 1631001378597, device0
2021-09-07T07:56:19.597Z, 1631001379597, device0
2021-09-07T07:56:20.598Z, 1631001380598, device0
2021-09-07T07:56:21.600Z, 1631001381600, device0
2021-09-07T07:56:22.600Z, 1631001382600, device0
2021-09-07T07:56:23.601Z, 1631001383601, device0
2021-09-07T07:56:24.602Z, 1631001384602, device0
2021-09-07T07:56:25.604Z, 1631001385604, device0
2021-09-07T07:56:26.604Z, 1631001386604, device0
2021-09-07T07:56:27.605Z, 1631001387605, device0
2021-09-07T07:56:28.607Z, 1631001388607, device0
2021-09-07T07:56:29.608Z, 1631001389608, device0
2021-09-07T07:56:30.609Z, 1631001390609, device0
2021-09-07T07:56:31.610Z, 1631001391610, device0
2021-09-07T07:56:32.612Z, 1631001392612, device0
2021-09-07T07:56:33.612Z, 1631001393612, device0
2021-09-07T07:56:34.613Z, 1631001394613, device0
2021-09-07T07:56:35.614Z, 1631001395614, device0
2021-09-07T07:56:36.616Z, 1631001396616, device0
2021-09-07T07:56:37.616Z, 1631001397616, device0
2021-09-07T07:56:38.617Z, 1631001398617, device0
2021-09-07T07:56:39.618Z, 1631001399618, device0
2021-09-07T07:56:40.619Z, 1631001400619, device0
2021-09-07T07:56:41.621Z, 1631001401621, device0
2021-09-07T07:56:42.621Z, 1631001402621, device0
2021-09-07T07:56:43.622Z, 1631001403622, device0
2021-09-07T07:56:44.623Z, 1631001404623, device0
2021-09-07T07:56:45.625Z, 1631001405625, device0
2021-09-07T07:56:46.625Z, 1631001406625, device0
2021-09-07T07:56:47.626Z, 1631001407626, device0
2021-09-07T07:56:48.627Z, 1631001408627, device0
2021-09-07T07:56:49.628Z, 1631001409628, device0
2021-09-07T07:56:50.629Z, 1631001410629, device0
2021-09-07T07:56:51.630Z, 1631001411630, device0
2021-09-07T07:56:52.631Z, 1631001412631, device0
2021-09-07T07:56:53.633Z, 1631001413633, device0
2021-09-07T07:56:54.634Z, 1631001414634, device0
2021-09-07T07:56:55.635Z, 1631001415635, device0
2021-09-07T07:56:56.637Z, 1631001416637, device0
2021-09-07T07:56:57.637Z, 1631001417637, device0
2021-09-07T07:56:58.638Z, 1631001418638, device0
2021-09-07T07:56:59.639Z, 1631001419639, device0
2021-09-07T07:57:00.641Z, 1631001420641, device0
2021-09-07T07:57:01.641Z, 1631001421641, device0
2021-09-07T07:57:02.643Z, 1631001422643, device0
2021-09-07T07:57:03.643Z, 1631001423643, device0
2021-09-07T07:57:04.644Z, 1631001424644, device0
2021-09-07T07:57:05.645Z, 1631001425645, device0
2021-09-07T07:57:06.646Z, 1631001426646, device0
2021-09-07T07:57:07.647Z, 1631001427647, device0
2021-09-07T07:57:08.649Z, 1631001428649, device0
2021-09-07T07:57:09.649Z, 1631001429649, device0
2021-09-07T07:57:10.650Z, 1631001430650, device0
2021-09-07T07:57:11.651Z, 1631001431651, device0
2021-09-07T07:57:12.652Z, 1631001432652, device0
2021-09-07T07:57:13.653Z, 1631001433653, device0
2021-09-07T07:57:14.653Z, 1631001434653, device0
2021-09-07T07:57:15.654Z, 1631001435654, device0
2021-09-07T07:57:16.654Z, 1631001436654, device0
2021-09-07T07:57:17.655Z, 1631001437655, device0
2021-09-07T07:57:18.656Z, 1631001438656, device0
2021-09-07T07:57:19.657Z, 1631001439657, device0
2021-09-07T07:57:20.658Z, 1631001440658, device0
2021-09-07T07:57:21.659Z, 1631001441659, device0
2021-09-07T07:57:22.659Z, 1631001442659, device0
2021-09-07T07:57:23.660Z, 1631001443660, device0
2021-09-07T07:57:24.660Z, 1631001444660, device0
2021-09-07T07:57:25.660Z, 1631001445660, device0
2021-09-07T07:57:26.659Z, 1631001446659, device0
2021-09-07T07:57:27.659Z, 1631001447659, device0
2021-09-07T07:57:28.659Z, 1631001448659, device0
2021-09-07T07:57:29.659Z, 1631001449659, device0
2021-09-07T07:57:30.660Z, 1631001450660, device0
2021-09-07T07:57:31.659Z, 1631001451659, device0
2021-09-07T07:57:32.660Z, 1631001452660, device0
2021-09-07T07:57:33.660Z, 1631001453660, device0
2021-09-07T07:57:34.660Z, 1631001454660, device0
2021-09-07T07:57:35.660Z, 1631001455660, device0
2021-09-07T07:57:36.660Z, 1631001456660, device0
2021-09-07T07:57:37.660Z, 1631001457660, device0
2021-09-07T07:57:38.661Z, 1631001458661, device0
2021-09-07T07:57:39.661Z, 1631001459661, device0
2021-09-07T07:57:40.661Z, 1631001460661, device0
2021-09-07T07:57:41.661Z, 1631001461661, device0
2021-09-07T07:57:42.661Z, 1631001462661, device0
2021-09-07T07:57:43.662Z, 1631001463662, device0
2021-09-07T07:57:44.662Z, 1631001464662, device0
2021-09-07T07:57:45.663Z, 1631001465663, device0
2021-09-07T07:57:46.664Z, 1631001466664, device0
2021-09-07T07:57:47.664Z, 1631001467664, device0
2021-09-07T07:57:48.664Z, 1631001468664, device0
2021-09-07T07:57:49.664Z, 1631001469664, device0
2021-09-07T07:57:50.664Z, 1631001470664, device0
2021-09-07T07:57:51.664Z, 1631001471664, device0
2021-09-07T07:57:52.665Z, 1631001472665, device0
2021-09-07T07:57:53.666Z, 1631001473666, device0
2021-09-07T07:57:54.667Z, 1631001474667, device0
2021-09-07T07:57:55.668Z, 1631001475668, device0
2021-09-07T07:57:56.667Z, 1631001476667, device0
2021-09-07T07:57:57.668Z, 1631001477668, device0
2021-09-07T07:57:58.668Z, 1631001478668, device0
2021-09-07T07:57:59.669Z, 1631001479669, device0
